Data,Label
n+Ae8QELHDx8sZeAJwiiSwITztdxvGXJ7PIoc23P,Valid
NsJPpXi9lg3NW5S0kIdbwlsuef54lfAYQhD5yxJa,Valid
5qIC2Rc7i8NVlkAXOsNB2TMCxvNzNlDHlqjCtcXX,Valid
0Z0hyXpgwiepe5D3LfRr8syK3iivppCdF0FOd9dU,Valid
MhLPU/sNaZJDHEc5pibABoF4su6r5v/31Q1lLg9s,Valid
IDEGOpcq1o8L9TWusqAU4vEnDLG8a2co/N7bd52H,Valid
zbaza4xVCPlyIA1gcztX2T/jGcFhkVTbEyN8PMXN,Valid
TqbJuRl4dULpwOFOvagmg4HO9q+GKXpSzu1hzP4c,Valid
YQbEU1DIc/FKGXFkxGC77NRviqPZEgsFSY4zatKh,Valid
MocxHKCoqMwtmRFeoIQmUi4rN/BEB6gD80MxC2Jw,Valid
T0zsIl7b1X+xSl8zCU6ZM6vMVZm1GLQyyl6fiX5g,Valid
W0bDshnzzQTv9D9mGkfDKNWmY4vHtk6bFGeLIte6,Valid
vW6GSLOCPzpUaiSPrOCfJv05lNgWlfFqX03GVcAd,Valid
qS5IsUz1oQI2yQjoaYWi9gCnb5MF3vESfibziOJZ,Valid
tnYjbtmXNDkrLSYvLcUuXxEAW+yLBrJ6OCkQ4Fot,Valid
jLBVx0DBmH5fv/ju6GXPO6kIQzxOAnQ2sZslOTwk,Valid
R59NcASaxg7hBdEDBekYbcZ7m0rfmg7Suyrepbr+,Valid
V08THkYWpkhO7qSfSxEnbep8BT8sZqTb+HJozZha,Valid
Tu/L5klc10P2qc8hgS2YMa/2wm++AlrBP0LbZN9w,Valid
tF2S19r9xO2PQKa+gqrM6E5aUFgkabzCqJiSi8E/,Valid
MIbGEcfFmvGvcMyFjvWHDqosi8INiaOHt/ng7ymW,Valid
/vlsR4vmjzDair9AmGGg1ZDDCddu7N9DLz4yGDQ6,Valid
JPhbHEC6CTapMmYF+Ww68+ski2k6+W3/OSLq066p,Valid
qbM4UNxJ/QSfNQyDhnwe/zNo5N24+jYlGzgjcEne,Valid
Gl07sAEFvfDpJNchHQa8V1hj1CpXFGucyjF1cu0A,Valid
mZD8GQPEOwRFl7CYhCCT0gIKPex8dKlkhbFIYLoM,Valid
CYrPdemK3nzKOBXSROQWyblsE1Cq6T9Eq7Brj4P7,Valid
cqJkJ632MDJve+I/OKb43gc4ec4hjR9PQwI2cWvI,Valid
H6+Soi7lFuBe1G94xEtBAvf/bD2ibryrql0FklVt,Valid
q3/qYX8lTZIcOR0sdOERaQTegE5qqyLJewsvOGqa,Valid
9Fxad0mckuhTW6CcTkl+xSVJZhfq7CL+A6ayzzqj,Valid
OGklBPk/bYwEAuCqWs3yV6HppTBVnCK/sj5I3PJU,Valid
Xu/fUtAhvJSAKycp+J9GWaL/eXYIdK6VQ0AV0Pld,Valid
wMllltSh/HDYtQnYsD0K/vvK1iKIPQL8pORqUGzE,Valid
wbCRArzbIYpEQnA7KzWLCcyY0/hwICU4w4i+WHqe,Valid
QEbGAKhnk8dPp+PtwfoOASWl0TSjm+qgu7h/YDfu,Valid
Yhe+wMT/z2PzCfJmcFahqFBYcis/6ZrZbc9VkVSC,Valid
mXjqZ2/tWMiz5dnSa1qIRUOtmFPidD3sgUtEPZiH,Valid
t4SmXNK933HgMEnC7R++p5Pzxb8xLArakgvut+c+,Valid
eIS43WuSUEHazEV/wJrgkm7gP7G0HDltFrWOSyww,Valid
rR5mTJqVLpyZnOl+bkqw99PObu5nUpduJ5aRWa+l,Valid
kgy0F6o1hVgl7hqkPEEHXbROeVg+iWHdblRni+1+,Valid
pPJ1i8wZqZeuHyVp+Do24cK72ZmeJCNtcdZ2ufy6,Valid
kMLfio9kRflL0CDLsrel4QMxht7VxQGYL5XpWmlP,Valid
/eL7RHVkRF78vkSmku3BPa2E5FStrsmOOfetRim9,Valid
NNicp4TM6Q++xPko5713r0KXLHyyUc+c6+5xFwgy,Valid
#NAME?,Valid
5FrvPJU31BuHtnMz4wBfmYchdlJH0OL0E+9ZNNt0,Valid
3Mb5muXQJpYHrm+AWXDqXBfyh94NU7lL9p7R5eIg,Valid
SsmghVdrwKFfsZoJhkd7nXzb3L4COEbpPnmmnYfv,Valid
tM79cQNp4UqVoN3f7N/yVY+RvW2pTElRYXoEo//z,Valid
4s6Ga025ah4lMrCks5DK/1YnbZhE8WCA4ztAO34x,Valid
s70WP1JKlpjLOO3QFb6vXv3Y5FISbxJyDI8tNXbo,Valid
v6qrAdAmZSt+4r/YiWpTQgYttGUIiQNftJXTG/vB,Valid
f5TNel71M/TBJN2im+7LETfaj5ooKUgmmo5wux06,Valid
HReii7mDjYKmX8HfMgKOmv7zxbK9lCr2etMAWhm7,Valid
iD2MX++WGN/bBXO8ZC0xGYtEkYD+XS8CLrxhWiu6,Valid
4IUyDkdNWJnBQWATaZJCtkSjSae56DHwI0dZNQ/N,Valid
Jwg9GEe7qz80wTWozzFW8fy2lsU33+wDx+4KijUV,Valid
j81b7fhPxv3jJ0GeDHHedfHC3/qFF6Vj+Nxjtuoe,Valid
t+CrSkHLSt0YVcxaIUFrgPlZF8lgcB0bnJ/+KQXD,Valid
DQeiOuwYED+yLxtFc2YP0a8B7c/sVjDAMx+XSSJ+,Valid
Q95OCbuiAerYRdSxX1zHZoMePhxi01dMsh9UPQ+y,Valid
3MpJZxzhmyyoIqI6lKJHWlrzCq8I8hRI5Rk1acLV,Valid
UFLji94gGfAeb36894sD/NHiysbALqhKQCUKVBVA,Valid
aI1/UoviSxfTvrK6XgiDEkUOB0hvzV9K+zdFcmVw,Valid
vPfSnFi91kka0YpGPsbxoOVP3ijBsh4Ued82HyPA,Valid
G2WQ4qs8k6V51cUdN9vyF0pebjIyMj87VKr0UZHo,Valid
iZrFnKxs3OqRgRBptnfP5NBP7rFCJxNAUUm75Fi9,Valid
A9BfOtFQDSr6IXTURxywiCeYk8wnvB9t9bNYtxLK,Valid
epwc20xgL4tEtHxOrASCqk426WSBJjl+txCvE+zn,Valid
fvhbj4g+ACboOUjwIBjWBnU8dixS3KmtTW4/rqGL,Valid
NacGAUFa6ALZCS9s8VY0T07puvnu+h8HIBsq4amL,Valid
cOCCTAUFjPlcfQ9d2qZm0b7ciOSmVDlsPb5bc7MJ,Valid
nZlrsRqX9mCgYICkOCkIuk3p6wAZNvQOngzQpMtf,Valid
WLlgWIzMDy/BauwkgXoZ/LiMtCsVqzgZyzkpEhoY,Valid
#NAME?,Valid
vhcNhK/K2Cn4EBg8BwiySiZGPleK/5m0uSyTUDrQ,Valid
AKgoGDBtXAYKZEy7wVT1LEJq+TEnkDclix8nmn71,Valid
n7RQONM6j8MXRw6eBLKrQWale6ZWDjomNRXwYFCn,Valid
GrDsU2zU5+F3/vIfDK2PtPSmLgTTR7yZ2CU4jkEz,Valid
22FraXIUezyH+QYWb86e0PAxAMNVU+yVOHjP+rbi,Valid
vz0Wi4HuctFXFDROO1J3k7EDZZpnlIr1gOnTxYib,Valid
yh6gz6Xqu4EyTwsqQdECp6C0tUGM/XrNT/0YdCpS,Valid
NHEmL2rRH8jKjd45GbOuC6PZFc40BQMjheLyz76r,Valid
klHmcxkZMFQ/XIRm7pLlfFNYIHMVro4Gal5quRdu,Valid
sJ1DPVpsInqovi9mWP6Dr8BvWC16mGR6IEsEmXFX,Valid
uDLe+mBx1TMeiYVhpMdRWm8IHwdPHSNJsnBs97bf,Valid
RjV/XKWTXtb2OltS+qqom5I42+RvgGFOZhHXc4wh,Valid
85jMXLGgWfibeSC3s9lW6/kqV7qGGuSn8pmTPh3m,Valid
JY5mk4ZhMf8VAbkjU4iuDikXg5eHcwF3zqBdE8ym,Valid
CzWPIzejkmJOERRuU57pRIWnpxtTUxdd0rWel0o7,Valid
3XSE4yR2yra9iqYgTq4/3XqOfBFVdLOlk35OsRcZ,Valid
dy5L/JUSwJ/9vXq91ntglMQoJ0zrOmZbETVsNrRk,Valid
qt1nwOgG2nI7OsuKrtQ1MNT28XOw0P6eFSYW42kf,Valid
1lh18DiBAij9LgkxbYkicKHYB+N6Jzsl6iEL9Zl5,Valid
LqAuGkAijnQFMCQYKKWlHVQq3tcYOe9kbIzz8vxZ,Valid
iWrPlrw6c2XGGJLyeM3is6S42L7w1IH7GY2dHT8L,Valid
7ZFriCn6alYpKxPGTu2HzzxuyrHeS5/7hL+c8ULN,Valid
XFc8zsR/cLadcA+cJBrN7uMoihrjwRedDbmzgknI,Valid
B+fJv1tECDQMVLxl8h1BL//QcKvzv02BD6Uwr6O8,Valid
xt6K4NE7IG8FNK6hsgVfkHUGcNzgMxO86U2JCv5C,Valid
cseK9BKAgOM1LJCMNymy8HiIV/77axZJbMH9Uvrj,Valid
tzKUvVz3W++Au/sxOXzLnlNRqCuhiHWohc7zi9SI,Valid
KNox9MjomlXedDcInbprOplBj7Z7lqG8bNW4wbQx,Valid
SluLKA4lCiUOJ8ak1k0Q4vM7lwG54ro9LWCY5GZx,Valid
Ox1ZtnwsdJmCXitckLOxJjQaygrHOR+8QDRcMS+a,Valid
BrN00Mqoh/NnxRmRxX3+P/aXU23QluMeB7weSIHE,Valid
PbPjbh9VSqrG4B1brNDiQ0APm1UofiNpRF+DmtKF,Valid
RgayTNvNNp3wf/3dgoVmP9nBAT4L8jtLdjHNlSTQ,Valid
1DiGYc4MMUpyn5h1BHKXNpGEI+5mX6NMDWr/OlX5,Valid
so2IsSmgcHeAvDIArQ92LUo9W8Pw8b3lHbEndviS,Valid
/RDDVab0W0Qpi3SpMNEGdGns3ZVFpYc0Q1YphVkZ,Valid
FIkwQhl0CcZqIeX0bM2HWLMpDE2qVWhhTLEabMoq,Valid
efe9mO0zgs346XmcwJqhm+lPsQOv8u+Hd/R2kj8v,Valid
DdZvkuKL61omA5adNX911gUgMBlqJ38zlCZkRI4f,Valid
4xKd6a3sHb6VTvJT5/abL7EphSVcoFavV0YxQht4,Valid
z2OwpDNifhhI6MGEtDbTolQf0FuXG8WEhvIevich,Valid
NPnMrIcp0EH4iOd81gW+HXiZbkG0v6HEq8jjT+6e,Valid
kAAIsh1rvUR5DZ0pobZ+HpCEa8m5sORhXtygCMUu,Valid
Cxv7+zKuge7IuicyrXYhktvmp1/QC2kA3dlPrIcI,Valid
xd2OH3F4uOCAtPxqAhSIkRHSXnG9+s5vKtaoLxua,Valid
c0SOOBvAFEke3z1d2Ae91r7VOPipqGCA03tbRnjq,Valid
xa7k16uMAqqreR0crtaOzM7HYLNks9vwHfE0grxq,Valid
Y7NkZTilmDL2CaEicus9lr1/pZjs/i90kO0F+49p,Valid
ZylxmYmc9ntH+G0TTTHgQk537UxPEL9VjQoGpFoJ,Valid
szyI2i476y9KCMkGuVc3mOKUPNjploMob4UpLefX,Valid
Lyg454X42qHtL7sbI+G2/vdogKWv1H/l9DU4Bqvq,Valid
Xl8s2Y6nwJoFQ21991nLlNhhwJKSRYgMhnYDEyXm,Valid
g5mHgg2k8oDulqZlAR6hgtemV2fNnQXVjchnZ8ND,Valid
9LmkPFUJ6yzcbAi4lEzo+LzbTQo/cH1HEJR0xogQ,Valid
hRfkvqcpzQ8fmcAsju0i4B/Zwruo+wudzFlJlCyX,Valid
gjDXPUQ5gtntuz7BZ15ERUPe3a+jZwn5W8+Kkj1o,Valid
UQoJYnSoGA9QiDRGyP3vrzj+i2zg6F9xWOjfzhTc,Valid
Pjmzg2w9boujIfhLxTGGtG4Fbxs0q/13jUYXdSY3,Valid
JkxV2uVn8CgNtuYS7ZOKMrjS/rH57vb+YSuhqtGg,Valid
wCOHCP+Qt9Oy0jo58Gqd0uCS+rBdC5GbioQkKDb5,Valid
uqUOs+SZ8iQ3kDYB6vlQvAN6dR+X68oFqz+S4bMR,Valid
svosA/fY3EMYXRhodalYZkBFvC1xF5UXOGH+MGbB,Valid
#NAME?,Valid
n8sBRRg684YsV5YzWNfaw+5IUKLk2XfykfsxyZzb,Valid
zZWFfnNs9wbYBQKbqCYDS9YuGMA/oTm9MoE3532r,Valid
5ajRdLaMbV6CGVqbK+IUxgniAsM+yrRJD2jHuSjU,Valid
KvGazV2t9oGxiFUwpY6KStnHlGF1QfjBnM2aAMGc,Valid
d85IWo8LFPXTT+Z6CzaJbJJFINfFyZEsU+aut7+j,Valid
teyZtkoioeHD8WzhzYy1BZVbTg4GZXYbjSgeb+Ld,Valid
FLsmbZTXLKfUweoJQdxvkpfgOcan9l52oLWQvJ6i,Valid
h6WE6ezNoGmu+CtPdnS6siNMz2ckw55Sb1Qn2SNS,Valid
qd1YWXPE+PPRc/1M2hBcmopqXzS2uvYZu7QqZ8Ip,Valid
FNoDK/0uhMLGKNxQaLxsvjtTFvuSBJRm2EpBFIJ1,Valid
romN1iGQRlS+JM99tpR3jRXecqmy891aIWImV1fC,Valid
SRjvmxCrfwYb5xaxu+wYLULJqkVq0pSwPxJRaRPO,Valid
xeTX62TAnnkHm0gsIMct15mWCIvYB2SnPq4TI+ux,Valid
Ir7sVIKjCAo6BbUybFueNPmf+0EwISlNSYWNfquV,Valid
4mMxPFs9uX67M58Ex3DAKiDwZbg6cPwwx2C5WgGU,Valid
4TjawPeSjFhGTFdxHcxLTgIXKo5okn8E2CF1NG5b,Valid
2pDzjD5cMWQCQdhWSQt8fA01w0PffwMYrPbc1sBg,Valid
ZhK6p9NC6pu1R6EBhSuj+E7AQ+IP+QRcVjKSNW8X,Valid
Db/+Q2AcMXckBjzNRt4W+wGulPuugWpBb8ajpvwN,Valid
vnJ8K68fn4prKNZ8e/n8KVGOgou25rGhoKw/G0At,Valid
IPz615J+vEi+weqivrWJgZtFXV31m2Nwv7YDp/IL,Valid
HS7QVbZtlj1S6LscwtsS9+LlV1VuclGaLAUOgkSF,Valid
o4ccTTaLgwqSOfQ+Dr8KHXNkXyZETQTYR8Bd6eiE,Valid
2oeGSIJ+sEY+zoKZ4g4sr8WWpN2fWrdf10GS0nmM,Valid
EHPYxyKNQVgKjY3LUCNuXdc/bezLfdalTQ58aK8e,Valid
ykgrnNneyXPOGo7o30me/TQ1w+fHnopFkB4pzSRb,Valid
/LR0kL73qQw4L8CCFhj5A2P3D2oz+wLvEswrHHDo,Valid
/NLXXEcBkZ+3azVP/yQGLSesAFxDooZzulf8z1So,Valid
9v8PonzJxq6vLI6NhRP+cbgLaKv+YD9DqPnF/lxP,Valid
1igtW1BSnL5eTycsp9woMQqjRL8kZYoGkGWUFksQ,Valid
5OfMAwg4JuzJokN5aNlAlLnAaQwsiqlZBHAfFXyy,Valid
/iPitqleNJ9suxMzzBOfegzrTbZbQJoLclMowX/+,Valid
WY6LgcnUMkDs1KW0Q8+2Rui9divMkXP3X+1fDA7w,Valid
U3IPp1/ltgm1uDTWSJLH5P1xbOGYN7qlwGEq3tcD,Valid
e77tvonnP7RNVXwifgDw6rtneg5YGvQtGZQp+y7D,Valid
gXe0dXxIduYLXB7FO8irTOvTNyT2TDik3J9K4gZA,Valid
23ptAtWmu6TPTRj/Iffvc3c1nAev6EuJ/8P+toib,Valid
LRq5PrcRd82nxYedDMN+2CpLYGpvNGgvmwn4jq64,Valid
/n2dSwpeLknF2d9LXFrHQeQ1PChz/V8AQLWipxZJ,Valid
mwVFod91OnE/e6m7NAwo9wMcu/k5XxbYqCkGQ4Dy,Valid
LpeohOm2+DEkerQ4eyycyA7UshNqtCKnOnOdVNfi,Valid
R/VOFtQkEF8uwP4VIUFWfEbEYeY0Crobm+H8RTXz,Valid
EdovwJsyJy+Gn9eTK7o7sUq5Sr6jsAjOWHn3Rjfw,Valid
FAuABYW2jFg23HKTUjZpJAd78LN2PyunAJhuZeey,Valid
ksdSsDsxmW0Q8CCKMtuXRI3kcaQMSVqYhfK6+lVe,Valid
5oaQRkZedEISgHY1U3uhSl0vRnlFljVOp9wgV85a,Valid
mAefTsJnAeCscqGAZPiBQ0AymLxIKSDIDrB1BZvi,Valid
8pjg5zdLPDnHbhJ/IgeXq5xrybVYSptf4ZvPRA+A,Valid
PuogJSbpNkcAwBlloEmQk7NVx69kiF7t+vdkYTFK,Valid
j16A6VPXzfeNz451AZgO3uN4gTIbiLdGqZAtLnxv,Valid
n3cA79ngd2KpSRtjBe3SIxfmgql6KPP+3qB8MDBv,Valid
mfvW2v8DOS6iNpPbhXslw3d2YARpaNWBrr+DnFLU,Valid
N3mR3V3GvvRRYh9Cxco4fZJQmFq9Hr30r8ZFOdGQ,Valid
cC/6xQXr1L45kt9mG0vB/J5z1fqRYQ3oz12dyjE5,Valid
C0RPcx+/GblXlfjD+nhNRVlSZi7eicIxkdLCkSTd,Valid
ThOuvfGVvsjhrEjd8otrXWkSGbITlZrrFWo+qn2x,Valid
oeKBoVyDo0+psVgCbMXjG6voqt/TCrmbr0JRJBVk,Valid
L3zhYQAo0eJ3Mh+2SsPTqbvaKIVPEbdu2xVaBEWf,Valid
XjpUAUTV7Dtd5oLrNAZn2rx4Izc+RSg4VBGNcruH,Valid
WOIzHu88GnNqVca7b31fobW8UDUnXE+8lK8RMJvZ,Valid
KEwVeU6NzDp+Yj93Jiy2kxiuTPU+qJCwqOENTBGT,Valid
7Z8qQOBaQsFSUsdaWUoj2nJ2vwv5QdV6jIvGVAu+,Valid
0er5gaf7rbyIT9o0lbRglqmtW9k5ng5TEzHdWXII,Valid
Owh9JWMfxm/51Zpcgo6J3MCuTYw2GYbgmM1mcmfd,Valid
nSb5ExaeMdyQGYsq0RVWHO/ZyVQSLTrrjLby7zl/,Valid
w6otWFY5Nzqo2UenKy8hWFEmzvS5P9V/UbvRsR++,Valid
WFy68lP/YHfMc1nkWCwBeGXz5yWhVlzrTA4smi/p,Valid
tlDLA+8l6RopvpQpD0Hh3adBSERDogEaR4j1o6Lg,Valid
9MpySEHmncygmpYF7F4ej84LUd9hp3qz1db2x4jb,Valid
8HBiY3n8/ruCnElYdFoXxfSEvmo+rnnL7R/yI3DW,Valid
2KpaM5Ag9byCUzSE53jZ24Km1iV9LMTU7Em8qQvy,Valid
6ZLZV3QLUmh8iIfIjNE2hy2Xw+OWybZwyziEyhqi,Valid
xyECnP6QBXFL8sStZULtAyznyJPNfQ8vS6G1yLjN,Valid
WVbKLRjasuuGKaFHXf9aMdBjJUgDwaHzlbxa/nnV,Valid
3IHJqXHGzMQ7nNqKiJqGkn8M2BrtlkYUfVUZdEwp,Valid
yL109KB696pQ/UwJ4lsmXrgFH//Kx4wBk/nNGP7D,Valid
p1DFnLk2CkEngH30xkUYwWmuVLkBFN17vfITRDle,Valid
T3jSmdkTH7FF67zVb7PxwN5liWwXFvnqX6Z5jNqO,Valid
HNvRsvMTYQRabKwMxUGGSdG9qtGl2aoVpSzKfTd9,Valid
UN3Bxt2c3tkRGgJQm2DQKMF1NdfYvtoxd87OMcFJ,Valid
x1pzWilgfDv93s61emwG43rHuwJcyfOFtRedU5CN,Valid
teOuyhi3+CmGt12kIaKcyg8vP64FJh/VY00emvoR,Valid
7KTsTUAaRBlySsY9PosSvfdcvNycQRQVWL2DKiSW,Valid
BLLRyTUn3nyXasmdCYDKfiO5TuoIqKxe8veIG8c6,Valid
6EFc5NKdcYs4+aE16bXnfvdZcX4vdxy2D3Y2TnUD,Valid
DPBheiomxrZCpmLGYNVpGWAHS8+4k8npbIKdNNW0,Valid
rjaPT0/tBaXHZcWusLLpV4EiwbOAsMQX7ggosW+d,Valid
7/d4undqjPF0g5bBLtRwQnGj0dNvlUE9QmeKbAyb,Valid
INV7Xntkgf/Uf2jhIqyrTRBQ9RzAUT39Pj1imn62,Valid
2/c3MXev7XAp5GwSFMnW0wjNKprBgjJRnVgXJD2r,Valid
cu8Iv/DgrKKh0rNq42zz1SIuEAxzu0lJISmlTBOY,Valid
P9W5undCnrZe2JN9By1gLvUB92CS//5E+vcbfX3C,Valid
7SH4lZ7UNG27pRdkOZGZ/UuGaiUAiPStThXVdS/+,Valid
NtP61bm9uQjJ5P1sJg5GZ204e6Uq8JsUCVz5rixw,Valid
0IdZAY9U8UKM934RWA61aBARp5LAa9+GJekRt/2I,Valid
E1uiqo1Byl3ceFiYjxFSu7/wGUkf8Bt43UXRXQ6A,Valid
70ZwL7POrBAw+SnDgRXmRlJmpjdoIJE8JxKfk3AC,Valid
HNlfKcU4kP5x0Aq66pB3Q0dp8BCZnWOX8YcHyjCO,Valid
mgTNgGXGxhd65JsexoS5m+l13uOkIJDXgjslezxC,Valid
egaLPnUA2w37kiT1Bpep+g0OH0Czr96QrhUmAenY,Valid
Tw8eIQpfEGo0ECbiHrv/ew+unsvVGDOYiW/ENkMv,Valid
X2lWhYAr8ZGPaUNTGEjo/UNw3PWDgkP3QyGiWeGE,Valid
Jw2WS/ca2Ng9cUH6EM4mkkyU876Jm7hIzeHeMbN0,Valid
jr3uYjm74qP8wSn7W3/U0Sd2x4OMOMScTAyjjYki,Valid
E10O/RHm/DSdSDrWT51+hvyzYQh9mUMl2aO2oPvU,Valid
oqeZ6yE8C+99WidlOKwdM1AhkzQ8js64FmsHPpGE,Valid
m6yPY8TNziCRvQKC++L+Cxg/qMNtxlSCWsGP0vdH,Valid
waUuV82hSAD3gvi1OmsJkzCdZJsoaSysO5noR6Ig,Valid
Ec3w99KLvTbLGMEuDtUisZzBjnlQa9DhGNibYZaW,Valid
xyi1xhUnnmX3UOdHpiYWxb0bM/16Lo5NMmY2opBC,Valid
B2WJZN7nYEEs5vyIgO2IITktdagle0Gnm0O63828,Valid
vhfKUvta3CJMzheq615kSnKev2ZZjejhPt4lAQqf,Valid
soUpsBe7lKlcRINYGWJjlQnEgWcsJy9otLWp6rH0,Valid
Cv5G/mMe3ncYNAl3u+Tq6lUhjghESYpu+Nu3vCtn,Valid
OIHxkFKqdMMyLdCWECDtbEc/1danCnyAMIxdWqNQ,Valid
7W9gED4zW6wsIMcMPrvFNrbwq7xuCpVzaxGZkz3i,Valid
44Wyq68nOuAYeUG5JCR0m3c0U935/or7nUcAXgPk,Valid
DSsrxJ9Pv1llHEsbW3/6iMc4Wgmy0M3lcKjB7adb,Valid
s4OjkMdOtvY78P8zxFfx/3b3RuLQlLvInevb81Al,Valid
+4oM42/YRL/Kfa3JYNPRqssExNs4YCT8LrjQk2QJ,Valid
vSDwbTZnFA4s2AlOZnD/4FFBxkcg7RIS/+B0jybc,Valid
#NAME?,Valid
bs8ONfpBzIHhfwgcWdkqElcP4xpKMPvWo6qmxReB,Valid
glSDzPo1Ta+XE3YdvlcA48pqzhEkIeOJyrxkaevj,Valid
EcpD1nY75lq+BCLSoNVOJRh/c0JXuZXfkX60iWjF,Valid
WB1QEEbS2jpDuL78yjObzmckLWg1faKHBYE/9qhV,Valid
L9JiJKwxjGy/5qE70nDra5s6rJlLGKXYprBbfeA2,Valid
EwNv7UZvkjUZsFeMlHfWMJWhdx20xsaU4HRuV/pU,Valid
Ss+7SQB1ssBBk/h/PwjaA0LkleagOLhGwFffJGtI,Valid
MSoZMwLtmrHuYKr7G5Sj7UIyTjj5bofuiLTjvjpl,Valid
ut7ai0zidZ/5xlWZCeM/v2tNoMO+tJa8xwwWaD6K,Valid
61sB7c5EUh4XxNGhcEaf702fd4c0Oals2WZ4Wc0P,Valid
zfzdUtyfb/BgY3PajGCRpmvjQQ8UVRZS0qKPj+ZX,Valid
8MJcRv0JzEP8BDnYseF8srmJ0Ws7D72j72B9r/Kb,Valid
gL+GQaNLgH04okQOeC0UMFrk6eYOXgH49b4o4Opl,Valid
5H+RnWghPTLyG4l2Mvqc4ayrUOmXarEXb8mk7r2Y,Valid
EOkrJBVEH2EJtugMJ0uz0o4ovqkRBtAnkxofjb16,Valid
zx2gzscyFWYMA5+lRuPp+rNjaLFNwOHeBiTXWYBq,Valid
JsqRHvYHqw65Xr/Q9HYEGK1qUh4hpGP3QClGXhs9,Valid
#NAME?,Valid
0wggt6rj1VZEkbr+SDnDZd+IvmBi9OHZ16nlaEoq,Valid
BPNMAvadj8ke3/72MiwuxgZjCR9OaNq1mh8Go/yh,Valid
I2Whh81IrvZVy+2+PQqgkN80AgKp5d/iXnhQTvEm,Valid
QYfnOZyEIYe2ZhDUWZCtohtYYXVFatrekCBlkVwI,Valid
e5zwm0nmkXCeqXbOLxOs+ESz2f2vNfGwy6Kz+kbf,Valid
hrVWn8WVSgJbMyfRHCUkbePBMI8BNmm9lA4diN4I,Valid
dIGLsCXo41nKW4aE1FZJOHhtYeEVYENDREWjM9I+,Valid
7y0jBSJ9io3RMCimXWOs47caQlSAFAkJaAffhuN5,Valid
Cb2XSsOKuppSZLbh+7DFvFk9GzkrJi2owVRHl6Pj,Valid
dSWj5H8wgzUSS1xB1zpnin5TI2zcPKJbgAKUZz6R,Valid
pHEeki7h89XvCFXre03YSIbNYcKf9SmjkGc7AH5R,Valid
I5fpfdaAO7N5rCgLJJ68r8DLfTzHXHpC0EXCWkKq,Valid
pXWclMBzcwN2GcpavpdJdY8ZlrYg0b1vfF869Iia,Valid
LBo2XCSk1yWW/IhpnLXXomVq0R3Dc8XhuhRrviT5,Valid
Ojvt1vNxpdj5LczJKrnhSvdA8FuT7kF56ZMnhYwA,Valid
s8d4gBETvg/zkXQecpVZHQjK980z5oq9BPvLvGr8,Valid
D4o3xsdmf2sv+eGSE0U4p5Pj9sz66MA2fobCtzIB,Valid
JGxDEcsQiSiz4Hfc5+G8UJlsqvSQj8Bx75u7DObu,Valid
0Fg+SrZE4890PWbZ0LNo31wx9YlC6qn+YDjjTsza,Valid
QbzZZZmN+vWV3GBd/rp8S8vfmqg+wVxrRJY1suqE,Valid
kBIxAorjSZR93s/zn4/qsN3qz+jFq2oZwgThwU8F,Valid
QfJN5/zQd3Sq2Mv0z1n4gBzdI1YeIC00N+UfDN6P,Valid
tm4iDOW5IW6GJRxjzTcDe/3rpV5dGsrQYT8LQTdj,Valid
0t0D1ChErb/dsHNK0AEc3bLVTx4X5AIxcvXnKdaA,Valid
febbc1ThK5Gx9T26bsw3ei0aUGIm0nc2zVZPCAcG,Valid
TK7wA1jhEEkddQRSxjsPtVpcBpMho9wmOU3jiJAC,Valid
Ydbzl86IzdKVqAtp3LC4sRDfgX1Bds8iIWdO4V7m,Valid
H+Ta5GZVtmzDa57d2PwT9w/nQCURG5fFtS669BYh,Valid
3edO7boV8wglLNg334+ls7rApAb49tT0bvc+tCYt,Valid
LbqgAfE4Te/pZ3B2fkj3t5O1eQELC4eWB/O17U2a,Valid
pmqHSXCmxm0+pVvAZWaTJgt6WE9eeSFYk0vB4Gt5,Valid
xfNIIWzCY0XocBij4qdD3dhlkd0S+R9BI54AjWsZ,Valid
E6WyP+Nahtva/x44f6i78hKGhglnWouQxFeu9e4D,Valid
vxEPJYeMlH1lRRWL8rWxKI0SREntvk98OgxznwAf,Valid
EKm4g36+pFyNdb8V20/xyqKSr3WNbhSvYVSSdp8P,Valid
bdAFN6WEReOco7vZwUGiBRhOW5Q9UTv16Q8GRmqT,Valid
ohGeaDHYMGWv2ogPdaNpTvhwzRQdbFgY3wo1xVWH,Valid
QbC75OSMVnJR4Bt3wh/e/ShOYVSF8KA0lcARRjWG,Valid
eTTCMthn6vHRPF6SefMnB+VFGFzHkxelrb4paK/e,Valid
zF8+Ft4PTd7g66WsbknmyS9Vgc9RWqUh5I7ga005,Valid
x05ILEkxY2IkdJkvYkBtthCbLwiMLTtH99MW0S8E,Valid
WmQWXDT20CVU5YGVzrrA2ShNCahEEf7tvrQMXZ4G,Valid
VfU2rUFhNkK55l5N2IANi86W88tBEyZbGyAVEDIl,Valid
gPFnUmd0cu33U1cfl1FbwCFxRwegq5gRp1N9+Xyx,Valid
7dO9+amnI640ahnDq9p47O/u1XxdpZS7TKbPE7R7,Valid
wN2hZectOYfY3YLthfvXGsSpBUFCaJ/aVHVjmGsp,Valid
aeg1hEGXA2JxRpcITYmdLAsbyJe1yOKGjjeut/0Q,Valid
46VeCnfuR420q6iilxSl5C4I7oOlvNVp3dDvR2gC,Valid
GnpqeNEcr+OfUA+I2KndubfNn+fq9Pug2pL6rLh1,Valid
2XVIroX501HKaSgVrq0UUad7uPXXddydXPPlRoiZ,Valid
0Su2Zb44tWnJXXdqERLsSSgNwm4NexS+lMs2Q9by,Valid
usZqnAT4/6WtX2G/H9zwatNxjSOzoULSkVRghYq1,Valid
KdptbK4+cojQNjMMs9TYOvVR11txJTtUmqL0xyix,Valid
chngpNcnb+ObBwi76oeEx8X/yfYhDNzTwqltJg5b,Valid
JYML/NAYPE0hfJ0fVbKIYd49RTi/ahFpXgsLUd6/,Valid
eLsWUIrrvw9pxDPVCkk//4sY2YMvn9EmKe8uPQST,Valid
nDw8BXcV3q9ZkwJhbGD+sqDlaPhPw5Bgjwt5I+1s,Valid
JmVpAoJjR6uwu69F79leZMPi6K67kchAaAb80Cqq,Valid
JHqjRkNF/eBa3tkFLrJXJntFhbhq93PDLn6McgH+,Valid
VPI2PIDvC2Cz1ylKfBd/ol63xTOJ8kTFMe1ZGeJp,Valid
yxUmPTeLSCdp1yDHmr3ltpyjdw3GbxLNfSAR9oMs,Valid
0BF4bxMkEc4SHBNwZqbX4fkV5FleIyNZ3qlUPSdF,Valid
mPBHAVfq8YHu6raC5swgQgh9YVbqg17ERBw0t0BT,Valid
lKx9WFfwdd3+rFkcTYgqF3nVjVaEbqlyMFnfAG13,Valid
QYoBjbW8NPQdQdlEJiD9wI6hisi+sANHtplxJzlK,Valid
FEmvqWZF6OpdhKJHBaYOQCpTVfRvCKoxDf6j3js5,Valid
tXvJpipTz22BuHmToNUXTr+U5dQPfnu25OVXLQi6,Valid
kig8pXBRkwIfq+HVYawEhXjh21xYo6GCTkj0gfop,Valid
2yUXRtlSPwNCxEdgPUQofCiMi/9jJBTPVm2kHzig,Valid
PSaypvw29RJa/GPECpCq0QBFwEqDR3nj438XER0w,Valid
sRFPCYsLoh9Uoex8q3bNrcqgsEBvg6xY+/Gwgj6N,Valid
pC1CZgXv0QMN6XhYRt0+VHb8pQtgmfpkBr3pzu4C,Valid
w+ILmgw2iqYaQkTjHdgFr/0+tEkgbe0nbUMgk56Y,Valid
CNDWJaFKUEdQL9jBTSDK+DhYgAW1mr9ZDEwQiD+6,Valid
6Cc+pvHhmWerL0O0spEdU15ZraoE4+l2PCe57TJ7,Valid
NfrJN/FUtc8lb0EU617IXJGSipJ8O5OHl0HXkKuK,Valid
Ff9fdX3orNtBMiEpRVQC+jPyIS3jquietaojUACT,Valid
yRN0THbWBSJPeJ+mWTKSThnVSzN5Phoew/vtuvmf,Valid
ucjFP02N7M4/EPbsEmtKYquqK1oGjS7H7NKAHUXm,Valid
Ao52CU07GLO+xrZDKEiRqNu0h1zJPhLwDH61lKgo,Valid
/i7//Sxp2KlN+VW2/SkJNPZueUAPclMHom5mA5T+,Valid
IdnPAQfGey5FZ2HJK7z0ZrbJeo/43gvwFHcg08nz,Valid
kjNXpvGJ8BOpCdDVfZT2YyF5lMbQ1cH3n7HCC2ag,Valid
dPbnYD1jw9slgizk9b1zFECNrTM8DVjykcjmq//h,Valid
w23y0wES8qyzvdI07VxS96gI1jM1TZNGoGzMSwMj,Valid
DGXtRsx9kFKGCZphgiP7Oi34JH+liacnaSVkIR/J,Valid
m4+cnWOATqmHTfDC+hxf/liCK/1hLXKjjMCbYDIr,Valid
+aKUVa/0VwIJJD174zR5pNMoNCCK4QhLmz2szKRv,Valid
vlVx+ynhJshvi+269TkDh8lBzLQboUIYcR3ZqCc7,Valid
lUuitde23iVcpeCiq+uAB4KFVnZ3ZRiUNWDjp4aS,Valid
1AX8N7R92+swfj952w0kNMNsjTrNTEEVH+JdNHOu,Valid
lfcB0nMIuHF0dalfMfpFGZSLX/GAmtMZkb621UEh,Valid
qXYE2BJE9m7AF/CAsvuRIWLk0FS0xs6I6OBr66Hs,Valid
TFXIllIAONP5DVu2wMKg9ARkQMQSE5PPy6BPBp3v,Valid
3CLnRFSVcCSCO7fJbn6zy3+rDJre6LeT7MrgJTBO,Valid
BV/TkBdnpNY0/TgqZ7CkTG3vtgnf8OdlyKaUFPKV,Valid
hdq3BodkkQzOusQXzmnH3XAbFwsC721XXo3FHFj4,Valid
cEpQerOuOc++xOB/GDSXqQy6DXiHmFTs2DVeKafF,Valid
FBEw6rW1K4DDCeZvEZRt0qoFwY2DfqmkFnLXkdBc,Valid
FxoscoPAZ/JqRoJXH0ivi8epnn+5vcwzNv9fuGu+,Valid
yx9QBItQ5+qw6oVRPj9G11S07mt+VVkn9G3Utal9,Valid
M/hpbL65FonKL5i4LiH6Xy7syRlahqpUYLRSPHBL,Valid
aQLiaGfxLeuhWEN8tL7xdgjJ6Qbolvb1f3EAawOO,Valid
T2eIlDCRSPthXj46QlleXV7qKvuQJNQNDVsd9vZs,Valid
Fr52Reno5pI9iCl1TsUlDllQF4InRyMuarXSr6bu,Valid
Myv4HB6f5Jy313yMskiJrEoSOCVbOFMGA/UnD1xm,Valid
KJFfl/VBzyo0PELZQf+zgmLtaGFUJkX7T5LVZ5/D,Valid
rMZnNX4jB2TxVF5PWR8PHwkuDL+w2tZaxxiLGVmt,Valid
3h6yar+TpUXGdaETtAajRSdgymmYtzQxeeewVkZo,Valid
XmDlYUWn6P+19951DMcwfVZVAi+ZALjS6JzkhxF7,Valid
FFcbDaGQagiut/5WqlUadWLpmF2kKvHO1fACluo1,Valid
783lynxGcJPgH3DlScMlnvUExXuwVkcdbDH7Qa+2,Valid
nats4ejxXsK0GsS2jlVF0v4vFldH4dy6MEoUQx23,Valid
eefjLmLqZdcZYmXxmuGQAHB0xMJQ4xK2CfuOpS93,Valid
LEi4+rjBWdmH2AdilgheUA7jAyQ1xVeswOy+c7Qc,Valid
QE+R/HlFJF8BxYFCAlyPjZTnlomwgRqEQou7NWyk,Valid
E/w8Tg6m8SPHQJbySDB255kQOf/FBn/RCWJjbKYH,Valid
2mZFMQjRRgnpng5iR1TivQFXwob1u35piFQFsZ/F,Valid
874dGCtK3P9wOgsXG2DTIuET1u3kACcQwbxIxPDc,Valid
J5vtO0MBBKU7U6A6IPeC8kY0pzdPtyIfRBDD2EEK,Valid
0xkpuX7GAkTU1sd4AixuEq+2FiqenUAeQKaGUSNp,Valid
TaPLvXOIz5snodDMlc5ZP8xleU5YhEm3parOaCgv,Valid
HxFMBwR+QQLj/0sBBHMEtHS9kX9I1ayCONFkSQIF,Valid
iQI2PB+pAl02Tj+tBpUxYRDxRdTMJS51HGq9eT5c,Valid
hi4PKun7ewA6dvqnjHuBdXXt8WK/YoKAyyjHJPtr,Valid
M9awaud6RT2XgD2ftg9OBJYgyLQ6JfvCWEFzCSbg,Valid
JzK1Oiky9Z4qc1bY+1sZjGSiXKIIW2oFKPUvS6XK,Valid
GZb/yj/ReV/sxh3vvRGIV8aBqJqv6Cwlvpo+tkAV,Valid
isTRFL5P8yClRYr6peEpHUU1ZsoByLLXQb/Nd+nT,Valid
5cgPRXR6kv2ZwYdJA/EY9eitHO9AYflHuX9cTzAW,Valid
KWmkpkx9tTe0wJReepAID8dz6K8w89o682dMkCi2,Valid
mISRL0nP92BZS8vnTvWQdvgs9nqBy+6viMooSJo2,Valid
2ElXL62JCQK6SjlXnzGAjdt8oIoZhw80j6B0rnsl,Valid
YM9C+UToxF73eoT1M83mbVCcjT85HxJGXhpxEb1t,Valid
bqpQipmS4VHUzydj5Pwei0XrzSRDB43FHh7X4+oe,Valid
iU6zGahXzdDdFwq5N1+T4atOKofgAo5Q9mBT7lKx,Valid
jxwZhEiUZjBa3ETOc8VIbkUY4wODbRUEgyg9ATqk,Valid
ycKhi9ZMbDA9sgF650D44zm5X57PoGHIsfzk18ap,Valid
u40wPXwLgQmRV+XDKLydx+pEWDFxeOWqwq3bxRP6,Valid
XP32ILpyIIWdvRGKR+habJOcR2h11Ep12j0+PWY6,Valid
ZRCQCZeUrGDrKVpektWnsK2Mrv59wGfO6dYnPTnF,Valid
NebwaRgy4zMSIi/5WU9YpxH71cy1uRn9xveieU6p,Valid
rCxPPN5mh4ApXaYaozVZxPvTw0SgeYv6Sleoq4x9,Valid
Jv1/yqupwTYE0JD4m0K8ZCkSbjTSXimO98Yz3Jdc,Valid
iYAavzgqLbAOiJNhN9/bMYsX02Jg/BKnN6YR5f94,Valid
IgxL7Z0fAruDF59IUh3OglTDXrNkKsM2P9/rKYj7,Valid
EERm+T0W8E/OqxlJFMOumy2Y/0Bkki6u8hVwi9OP,Valid
vcqi6KqQwk2AKD0USoFOtkdiCE+QFmfatbEuMVwI,Valid
btAHFYvjLChLKPqRmrA6Tp+8lDTbXI2ewmLypjSq,Valid
XLkXImCXoEBcJukzdC+x87i8FWWONcHH5mGgQx1h,Valid
FeQ2rjtX1+6nU2tXmPptJ20useG+U9GvjGwMiKpU,Valid
RADmWUklx2KM8jUUcsCJkC7EH0S1DOcIJcYiq+lF,Valid
oUDbLP3U38PZAE1VYY3+n1ZYNDUT5gzJSboj0nwJ,Valid
MNzJnCD++P/hMLm+aaLNJgqLcB8I16KgVOwUuLln,Valid
eRufqmGki3w33+oJUMhyIMmCQxuws6nZSikwlUBN,Valid
LzCosVRbN467WGjCF2hwMHBQTJN8d91BqxGjm1hG,Valid
21K3D5tbPk3YTT4GTcJMXW6iJkYt+DR/8l3Ce1Og,Valid
Mbr95/KIHa49XzVQoLC/dPnJMCN2XOPg5StY2YU9,Valid
Nd6wpfltTJMFz2oHYe1Y4Mh8mRS1vD8GYwaZC20H,Valid
972rp2BJUDBg219dsMdQ1I03Tl2RoBNtggU1y5i1,Valid
U2T8ZKyLRW1r6WlIUNYYzGaCEp0cvpG2OmIy/GOZ,Valid
UlxF/PsJI6I5c0Aj3SShYBdukLrE7H6r4rv6Ijd1,Valid
W5ezeasWNaFOniaJ/A5/K9NZFnNTILyUQDXidUEX,Valid
g8tCTrIdOh7XNEQ4BDuQ8XRI6KfI2cVqQ4cRifJC,Valid
g95oY6eNcC1Jsfe5kL9VEN9R0gY+ajSly7oS7I+8,Valid
syUnKOb+Wj278U8QL0C777PUY7Df98IX7/ZrIlVa,Valid
wy0goa7luvB/G1IeDPhUZ/eNJ8PkxJTjKKPkyPDP,Valid
4VKxEDQ/OG9xdjiieVmsQCkSuq0IQU3zwQEPyQHu,Valid
rq5AoSqvbGOUnkXEtoO04fTnqwX3rMkc1wiTlCCt,Valid
vFBjY5H22Ls2wrLWMrHRrcoAmRw4iKOoJx1Wyx/s,Valid
lc6o4aijWYFh0kuLK6OA0pxMJtR/kOU9n+HU6RLS,Valid
qBbFqoMil2Os7L1VEPEnCQMOPxfpgLP8FNh9xy1c,Valid
g2IUTXtjJRgdo/6BQBc5mKtM/7INM3Wssc+CmASr,Valid
SIaS0yLwYq+iKUELkCKykjdFWsR2ZUdtln22/2ft,Valid
swacU3i1ibbvza1wGttvKncp/EfBUBICmlOUor2l,Valid
aHJip021Lt4uZxE29RKaTEiHhf4fyyN8IQyMI9ZV,Valid
4WUNpfV4sVeO3sTIm3I9Sb3RPPuEwhB/KiwTqAZM,Valid
BqngfTzN6NRCNjztX9+WhkKlXAFbXEoJzmXf9p/J,Valid
vv4tPpVIYHYju1OB6loxv5wwPcdMyAOfGblb+Fb8,Valid
WQm7LzU3dZ7AFBddBtrtPUVksHQKX8pxoIpAcDE6,Valid
IoY7o0Ut5Cw7WJvzWj2LfIgbldF8z4KdM7TtcR4u,Valid
/Di9afrnb3rL4ft/USOltIwZXZKKwzMYpkAx+LP3,Valid
VePyMTSL8iMbqmj8ym+Y9mbTJglDnzX80qCc3lfC,Valid
F2nYDjs3XgKtOuhR4Tbod+W8qojeYEMbaUtSvktu,Valid
I4CgUyKq0bTS3oZQgXMkPWKJkpybkjzz5HRceRnd,Valid
cYpVLLgUCWRQZaa3N/c9NkejB/a1z3/ML1Fi4D44,Valid
lsa2WvaG8BjFze74D0Gzbza/GF8gzYxuxceUo6Y2,Valid
hNh9vFv9MoYtHIjCEAT0Q6a75znKdFfCGcjEl7nm,Valid
0QHHKN1nWtcAjrR/g3vX9nqUh0Op5eI6zFPn588g,Valid
7MbWrDRemPewVLsXTB889RJgYlYrJA68WNGdorwX,Valid
0Jdtg3DWWHTvL8zSqZ5CHMeFIqQWybti4klPQESe,Valid
HoIuZ056AgrHO07FX6Ej578GEdT25XeTlhmd/tqC,Valid
iXk5pikjev+jz4CBtaLPJgCvdr325jjEOCW2DoCz,Valid
uy4tOHBKo1n5HaO2dQMPYZ0SSs+zcryzh/6Okhzq,Valid
8ynkvHdHUbIa6ce+IY38kC6CkYSEwmJsgI8QedMB,Valid
Tw6F8tTPC1pdRSWzkYA3tdqrY5f72F3IgEmrnJWX,Valid
BgQfK8Q0JkKHHqUcWwnMQPYK9mjebledNu+gIKlW,Valid
vH8Q20Dy8QfmpHGsCMeDKW8FZWv0/mfFtsSTYDxA,Valid
upiyYAZPz2btnVtbd1Iq5EgdQV6hpTj2cVK1N0+U,Valid
K+pXXASXLaicFriDMu+NAMzZ5nMh0Pv7IWta+SWh,Valid
Pj+l2ksM6RJlkOY2kfAWxtREWDM32kqbHf5xOyqw,Valid
QJfwR1KCOdgag5NmtTEc4BwTS18BzXb1Fhc43EBb,Valid
Nawp548UDn5syH72qj0HDchd2uG/VoWQZHVpgk1u,Valid
ZCS8/LUxGKTde1ZutoikZOuzeVQnjHeJpHrvApVy,Valid
F+VgeIdtfr7U48fsPBMkpwMooDEFEMqR67ZDuusZ,Valid
daS0mINOcFuLs/5+fbGI5gzOex6/d4lxeIxZlnao,Valid
LZxBCLvGSQRh3MPiuKiwPrF2/urV017zXgRythkg,Valid
KtQia2Rkho4acbbrj7oBH/iZOxfeQWoIk5qL7eiE,Valid
bxxWNd160fgP2BZEOgNTJ6M9WzIJ4EU4mbjMg+TL,Valid
Z3XD+WQ7pa0rJbaMvgQ/5mtb9leuWoBLaFWRyQsM,Valid
BPJDMnprshZLi2CCnvsY9jflECpumA86l2e7h+VW,Valid
R4Wr2QzNfejdxp3jZkgRYm5UqwBfGM4aPzb0+FHo,Valid
WK7wGV1wr1c+YkWdRyi1tYOs/PTnA+An0HN10spg,Valid
xXOQezxX1tjia4fYhXAC07L3nRhjQZlGUAV+pvkD,Valid
aGb9pqY9ekzAXCnbo/OgY6emOaqMMCssWhENZA9H,Valid
VvKiy+TYF9ksao83RpyS0lJXsckRmZfdXvSbxwRC,Valid
6ylt2kf6S8pNX2/ZlCTH3bJPav3TFL/iv166+A3m,Valid
h8KZ8oA+SZmpKFXP/TxXUZ9ceqRHiYlKWEbfY22c,Valid
rqRX2U4OH8InWhDYLgILQmJdQxJpNHf1/yCRvqUz,Valid
Y43F8J2SqN/ebTV22xqGWqOtLjWDRZXuSuh6UmXt,Valid
zMpBHcNz+F1Q+gvQxRWcD0WXc7uoEIcRCNknZpF0,Valid
Ear+QZd7XZK7by0ltYd6Qo9JKIcxNCsFE8dn5BHe,Valid
RkIcE1/nCX49uadnR2ZQz0EuBEtFPbfVUruIP+zj,Valid
Vu8w7ZRPYDO3cmc4wdCCsxwI6ubGxhi3B70qvgoF,Valid
QzQpne2BBVYak7SAjco9Frlpf54p5UozX3G2uvOI,Valid
u30YKGIsxiWkzpg35NIyaXC1bxSrqkpBOBYdfZ7O,Valid
VCtreefu/qmqJB6/Rol+b7kyYyQYoWcdq0n4b1Jv,Valid
LE6JAo0uy/f3zjgUWzRRt2mUDSPLKfRI0ChxmKV7,Valid
ofGhYe5mveumsWTdb7kODLGdx8oCb7GDQlARlWmP,Valid
lBzvbcWRKwrWB8lZGxau1C6+3fhWyZLKaUlVHguv,Valid
f5JHZO5DsfSQ4yQd6QIEzMb6fhheb7B9q8E+mEDJ,Valid
Q+9CQUW0rBlj63NtZLcEyyucYbFRNrTe172+fkbd,Valid
cGSZzzW1TAySBMEXE/MUuoYldF5R0XwdZ3As5lvg,Valid
7chBxbsS1yiFRIoA4MG9mvYhvMw/QFygppxuD7eq,Valid
goUU1x/roYMmkhD98OK4cOMF9xMS9P74ACK+KifX,Valid
wchuJHm6CJ0gFtizA/0JGTUn6L+vo1PifLVTr7AI,Valid
Q0upc3uk6wI+USxDvg7LCYQHMwENSV0e9zSs5Rg9,Valid
BKoYNCTWw3QE92DprBhBi7OExKuWRsUxwx0wxX3t,Valid
hg7vZkGjclK1JZRo6IRx3dgUW6wF4LH9crq/qPd+,Valid
o8a6lJ4t7Fw35wUHz7LjXSljjncxmpbV+djLdeia,Valid
EW8DUWiawFo6nuvxrzUQoWjjXkocavscTT+9te3Y,Valid
HveJ6b93G3a/aG1wKVAYct42LVXfWnvcrxLn3afx,Valid
y8zJYy3vf3Q5m7sNVad7CKGSoC0+g7MOV972iJ4f,Valid
PsKeyjy94L7EjIbfQWxFp3SGEXKE/ELohA34hoEh,Valid
tw7QMN8ZvyA6CQ80V4/TeOE0nQZsgx0Om3jipTRU,Valid
XEeiz3nvYA+yT0y9pKuYeYz8YrYyIpGZFnZG+80Q,Valid
8A7XqDru7KgN1nVJz6lxygClnDUn49ZDjprZV0BN,Valid
tIVJ5TzyXrTH1Z5OsMTbJb51Sgqr33uNNhwZgQX1,Valid
azXUEU5egf77lWj9g6PcTL/GE1IUuVC9AMtM81hO,Valid
LABr/s0VFbSBcjXyT3jGwXozYb1nRFgS5O9RcB2w,Valid
/ye10IV0nrQ9pAmxAoTBbgUpPqJrTtxwPxWa9YBa,Valid
6arnT4uSdgwEfTfkCkHqVGYFvsx/VLHwVEDsv6ks,Valid
gfqKSK1omR6WyOMcigYX5868gK33Cg++Er8d97S7,Valid
zvvzH+Ggg6VbPCUUVNAh9kl3Gw3AN4kz1JjP4WzG,Valid
OoSveCLG6u6RS1E2du2smQWNs6SSZfSZazbAOfBG,Valid
Rn39z5lNjc6Oi82o43lN1597RepvtGHrmhJ5yeVk,Valid
NElWjy2wvRwFvrEAHZZfOemiAFxTkkj31GBet6gx,Valid
taCdoU48W4rmaCdvHfZCx/yJQEv2RantxCK71sb/,Valid
K3C1yJYCec420+Ro9zutNrHQKkdpPcmbZdtjoGZQ,Valid
4yRnBL4VBlmLivNDviSLudJ9N0xu663fBhQd3SWw,Valid
ma+5Ps+9nSwejIzL1US1nbXxtVmjhWfUTw3Hhdyg,Valid
TxvrLNOllDxvsrEnlVGMtegDz6O/fMNsRS2VlMal,Valid
sso0bUQL98KvnfZr/eH8ybENdKLOx4zHIdi+EpCr,Valid
sfOZqFBXiluvVSNcPUKn/4R4+kPW2xmuA8RJiqF5,Valid
stBpOuagbJUc5gXWMvf8KZJ/JThQXPYUgkk6d3US,Valid
Ia9vjxLY/etkWIopcFll4YNdAqxqXaKn6psp+EKm,Valid
a37ty2zCUWu2phuVd9ngdpys4IsJt3kjWFu67zHH,Valid
rvWp3SDv9FYl8qDnWmF2ymqkdUZlL3cECq7hUfjn,Valid
0k3uA5JrYrvq5hzDg9gTXsne7kxOG+9ld5UsSghM,Valid
VYTG/GUDjhX2y/k9ksZdHuTrU0HaRq1UV60ENCLn,Valid
h45yJ/MID7Uq9raL8d6eAUFK+Z//CTkri6obNDIY,Valid
IIbHB53yDsWbUOxWDw8Ysq1dZRya6/FH5ufLUo+L,Valid
quyfPoewNlcRVCtnvpxCX3X4mNC8YkOra19uvvPX,Valid
58R/ElG1r06H/bSYtq5NVw0SlbprtSNRFf82Mg17,Valid
9pxO6ygHNXPm3KshazKIEJtp/tHtNpVGCC7GMMsE,Valid
A4WVhy/vDmo/wnvxADOPsqRGojG6FPPSBgn69P4t,Valid
4bjmBExV/6OSqdggkZQZs7XWaX60TkHYBOxpZY9X,Valid
wuBv1TzX4AR5sARQ4+Mzx8heEV7ed87m2Bw96+TA,Valid
WmVywJibWXkzsc6PUfSe7V/zVjoIuLV2hxD3CCrf,Valid
2vvNmGpDW2gsV3zy80pL6rBWLbdRjgK6GtcfjqdM,Valid
enZcyRIVWdDJuxiug8fzVTycoJ5gEdSfFCgRkDID,Valid
l5s2u5/svr9Uj8z8zJKfmPn9+H7MoVdzvdGFHbaC,Valid
8m3Aa77rCSJyReFTrPDuJlc3iPrdemsJPBJ09Nbk,Valid
6FZrDX0e7N+z43eBT5VYUADCKIM1DvwsjBfhr2KY,Valid
XsSSL9IQ6Iob7rx7SIb7LquTSelXn4/+xO9B9VvN,Valid
XyBLHiptRV+4DfVa5eb04JZTLBsp/QiHfkXLk9Dx,Valid
jjQNuy6SVmDPHwQWqhuws7oqjYsXHmXPNMHW6WNz,Valid
mPX+/2MI4u9fBpdWlyYXrGvU83bw1tQgSwzNWBW+,Valid
H/JRFocXE/x3DF2eNAKfcA9d1lDwN8kEavCjqW7B,Valid
a0kiWpwMkt696NLAkrQdBWNleAjhFhRlUkV7QO6s,Valid
8BB+a1yBDsdcvpJz5VbmZcd6wwtWvaeweWZE9awu,Valid
B/sddFMBp2Znv9MN+hzxZ0fis1/UULEIrKdhyzEk,Valid
9sqI2G3WG2AmDmxjFeUsS/lHtgxqGEKM6IEe2LCS,Valid
Q7MEwk9YWWQbQ5HL/oDSQ7tqTQMCdNkIy22kOAVa,Valid
6tVxAXb4Qff6xctgbShau8GEGJlWTWKT43wCyx6/,Valid
sfYCykm4ouLCO049x5TuYLUCkqq91PJMc15K0Wmo,Valid
NeroQp7RJk89BMQDvumUSmIkm/iCqHpBV9JVdDX6,Valid
hGjtrhOzlf4piHYQDR36MqaIEPaFgR5IShoDivf2,Valid
KIOiLvnuVO01Rzrl2AGKPfpYQzNaFP/m4X9S7k/H,Valid
960pdya9FeFgV9skKsWZteY/Vb3ZlKjeI1AN9WpK,Valid
ywZD148WvFsyMN51PPLIdIpYQTKAiNZmAMwf3NN/,Valid
NEqKwmT0kOD0QMa0NE7HlwPdN7PvyI+0VMTQqKO0,Valid
eEWOD+fD7JXRl2v+gFg6Wr1yA3iEbATH29yRH1Vc,Valid
1lNJrgjK5KP7Fb1jCRF984ZxCDa+pv15RfBc7Nwh,Valid
9wsM9NrKae776HLBIwOl7ZKmSrG3siIVx6G8b1Kg,Valid
tjpsfiJ3n9C+bQiZY8TX50ojpU9OItTgscXiUjPd,Valid
#NAME?,Valid
eIFrRHPPcgiPccRyaHJ+bPwC2SsjEomjfAhKRHiO,Valid
b9lGI6+TcQIr0i9/kx+r+SIW8Uo3N6QuHdZkN2nA,Valid
UoZzFCOg3gQ8SL0JTkmconXYwddqBq7wvPUK7sLC,Valid
s3YM8GHXA/a6/vBR9oPlPPGYQAtIBmTeTn165zRr,Valid
oD4uJ5ZhGXXV1uQAA+09w07f043LbpMRMRydnZHj,Valid
Rd407eYrAbYPIywni85jslAL65XVWNZ49Zwy1swG,Valid
z8FK5zUtVFSLZ+x0i86CMRpIb9KfXYNgPH8SR43w,Valid
/OxDJMPYpIe/uBU7EVamLOsv55NiANIp6L8y5rt/,Valid
rNjNP2KRuqlX4Tv4I1b4aR+UDIhy+qd4jKq7Cfks,Valid
E3hwU3yyHeOHyIKsulX0tiI4QM6Uw2//leMQVKwa,Valid
HtqfWi88Cdo05i3XspEr2iAuwuUU21ajcLZLT9z3,Valid
TQtatsDMEK4lwgBnoU1PLBdNOGQtmZM75YO4x8Y2,Valid
zq/JSSONZPspsnkldqex8UDca2zFH7PsQINrpXg9,Valid
Ku1cJ6fcjxO4i4CPITgd1+AHlQDF1UjMGZVJOggc,Valid
wkfPWCDcLIHvPTHfmW2mgNGznoybDxmWyLlvGMyV,Valid
3XTwVZ3k2xivkcjqp0edUgT9VsjyhbpEOV8+HX6p,Valid
Q4Qav1M0tVKJZB5277uoTIxwEKisCdjPZNUan8Gf,Valid
F9v75FsotzsS6aSNszX8T/ekz4T4dXQ+ZPG8MV+h,Valid
OdPeI4sUAE24teuRYVql1cVzDG2nBTYPsQyFomPP,Valid
A041u6okpc/kh9JnjYwimoNROQ+0PhTHdpDHLoiW,Valid
IzLOvlS1ysii8hex9JmUIWYlOaFGPVeZpO3bPPQU,Valid
nYeKvEewElspWbdzw9Jt8nn3oo5sQZTLXh4Ix0cb,Valid
bphVm4wQAbrq9vaPte1DyYK5AcnRtkhUFRxIVSmy,Valid
IKDSOta0v1d7PGoRYs16ngPRyIHnZ7TazAxdkr9q,Valid
KocZ9OSEgaUaMC3wlRjnygP3AXABZmV8FMm80IWZ,Valid
x8At5DxJ1TvOo9FfwWax2FTbgtvBUw6dfofvyMQl,Valid
j/weZkLXpu/a+SHm16B1zrk9K1vFwaBWgxyVFmI+,Valid
Ek4B2wL4+hjBKs/tF95Y8niuBA8Y3r7+bxR/X1c7,Valid
0wTTkhhoA2etYK8aV46inQWY4cfAEgJAArqroE9F,Valid
LPlSsbaaGh2tGgy1VNZwX8v9I9Ozw/N8K1/gUIEJ,Valid
eyhi+/ZCWh8PTNd7AJRgeV2RKRQ6yBlkFZS96ROz,Valid
QNxlDs1b4dsuZhsplOqa4/x7z+If2thYfJ2lP5L8,Valid
VF4p/CleglWhIvVO2UCAKa7Lpw6D4O7mno99XCLm,Valid
hkaXJoW2Djda1zgrzYWYsznHPKPGarXOTQxYfWV6,Valid
eqXVCqfTM7r3T7oWBc1vNj/cMCptqv0PGHz08Yxq,Valid
Q8Mx/HPcE4fMezXe246g7WACGNX2qRP98kgVgc4u,Valid
w/AQ/tdjml5HaiK2TdkSnCCE6yLaORMk094I8+l6,Valid
19B3sS9aRNmOugPNZM6dr8tajcNbBb/wUq2ppbib,Valid
8C21oM5BqwGNrJMFSuKQ+9CkhvR0D4yUF8BNqcU4,Valid
CwK4p3bOTJyKBRgDo4/dm96/ksIzxWUtkpw6AwDk,Valid
X4wG0x9He9jS5TRXyHyKvkkJNF7I4JPm1XouVl57,Valid
kcelsoLdjoaAqtPdG/Dw0D6mA6Ln5wgqTb7qYFep,Valid
RYA1aHY0iNt5AD6xlrUNiZLkSkP6j5uA/BJ9eGhA,Valid
yguTSTsN+lY2lfE0aUjbTSqlc1wS3heJMzK+BDUA,Valid
kVssZ842DNVFug7jmnuNAxELulEWEVilG0KRtwdG,Valid
TPZX5P8GrPTcc3AzO4sqWPzT+fqmp3c9HGM9+wXy,Valid
GJCkSbVsLEZbvhvUxAEJlhupZGUskXupK0YgatwB,Valid
rCmpU4O8LTbMEaK6Z6hUyYyYwI13KIyof+JCB8N5,Valid
s4H9DJeUwgQaK8CiURf552ea/rHCqRPJT9PFLs9/,Valid
inAl+x5aRrq2fMQitUuP9+4m2UVKNjqLcPc3Ow52,Valid
bi+XGZDQ+C/D59W9KdpcRzsDfs0fpb1m8uIcV7CB,Valid
r0tJ5Zhr85JteBHU7K9hWq7cnFEUWWUxJuAaJOlr,Valid
Y/hLRFOOCoS7uNjIc0DyNwqgb4miLuKs6sLGzniX,Valid
634mu8rpGCt/Ai0b+askrxBkXVAg6aPM1Un4HTwU,Valid
#NAME?,Valid
WuebeOsuHbfuxFkZ2Ail1wQKUqKMJz3Jx9WXPHdG,Valid
DusLwfF0XII1p+Ijiq00MQf0TN1nZfvsKJxWBFDo,Valid
CkoMHdVgCwWx40oJQiFtywx0XIQGXpA79hqwl9To,Valid
DfeTPfNoPUIqoajleOZyA1qJjm8gyJMvG5NyDAAJ,Valid
LRiH99h8U6kbs9Txtz3afjrsx2EqHSbiQ84dBnyD,Valid
paf8JbnYZVH8tGIYSSbWPbqCxnG4vy3DXJjjRwd6,Valid
LS8UJHskI3/eH8nv+2qNJmPrXyAXXV4E7HOaoMvw,Valid
Ug9GCPUydNBdTmT3FlYYxDDadR4yOCcnCh9nDRyp,Valid
/WQtxIC0xPIV4yV7B4DJWm+k22bLzMdIGHrzs+XA,Valid
6PcAi7x5D9p60UHMbtJB6/Eo6ert7jVWmQoq4HyO,Valid
W/9bYhoRNX0AZyl8BdGCe4KpC3iTKVjr9dbV1IWd,Valid
47J6/Luqz568hE2i+TkjRrKslwa0vUvcEWG3vBLr,Valid
M7Oiof+3F7WzwPjIwfWvWvagZWNB0oShUCt0HJP4,Valid
oUiQeIzqI7rbmqZFrwyuUMw8RToDHRFnPy7tyo/N,Valid
c4L/r7Dneq4yu5CZAkZfqC+tKhh4S+/cCibLCR2j,Valid
Iyeki6ZtAT1pnQntgodHMV/rwAUJgFQ7D0zL/Sgp,Valid
WgDyDJRW4K21jV3GqmdE7wJC8YeVBBDeREvHDKQu,Valid
ApgwoR3jK1qlngmCohALaCi98Gw5MvdKiXBwlsp0,Valid
TaIrGB/BgXhejRPXAVuC1/021Op9/Ra5VqbQklYB,Valid
8Ofklv6iM1USfPYU4Om9BmbquWpekCoQf3Qo4zD7,Valid
y6wj3ymtOhpswypR3e575nu3xIJhV8dnhkYyZKeL,Valid
ta/pgh7aRcsWrud985TZfj4c7PbtU1YaMHWXy+ks,Valid
lLaIPsqwZvGqEugEB+sQwUR8VOqRDIgosjBIrVSx,Valid
sqEi1OuRZQZjuEeiyYjs3VwUiZBdoOyUB/q2+s08,Valid
mkm+Tg793pD6ApPpYznt4vEFrQ9QN7qVZfRVOAAD,Valid
tGvN50IU1FTXt4D59KdEDDe/Joecg9Sp1j7tnKVJ,Valid
ay/OldIoSjl55WV1E+CuQKV3W4kCLEZdwAE3YpVQ,Valid
Px1ch58NGVS5z/g68HS7ifexEiLqaXz3BBq6hZOA,Valid
GiXtNEdR2tsIk24kRSR6Lwu3q6RXOOm/8yERaG4b,Valid
kOinoXtZFRTl0iCzj+2MVwvnFbtLKz+7CAUqFsoD,Valid
pGE+8Y/tEjfi/QZCQASX5vVsfxHNvktvxn8vrrj7,Valid
ICsuzua76TqY0hxzyZRR2MJiFcPVcPawKZzd6z9J,Valid
u19EY8Kn9+cLpa5681nDMYd4TbADFeDoT4ovyPcl,Valid
S2lwAiyTsshAv5HmU5MZAIU97ExcC4Fubw8N7zEx,Valid
8N8Bni6Qt7FgUv0wWWyCtbBeubuttNv2w/k0PBzq,Valid
yCPFfkn0Ca7DK0VZpTIKkj4sxg8+LBc1oa9qGTjO,Valid
nVrQXaAKuJv2qJq35yB1KOvJb9Pi8JA/imYRXSew,Valid
eASYAbLCtCK31HGApFHRmguRJrF2lfcnnhbfnGp0,Valid
/eUmbW3IIWdIllEiC6R+5tAKzaQzTQ+e4D6NQ9Qi,Valid
HR7UjrGKPOuwxPrlp8E9xvaZDypyOA12HrZnR1Jo,Valid
k4vAqiYt+8plTn8Nouk5k0P4i8SYZk/GRKVA05No,Valid
QZyspJfPoKdBb8S/X4uYlS2qO8FZmUq9rDL03ET2,Valid
DlrMxNy7XVsNxZNEBZKVIzl/F7fxrI85ZXG8YrPn,Valid
vePWfV/03DftwR+DT5zEqtO6x6mdASx1+APv1g7j,Valid
GPXGMEENS4xtT2Iko/H8cNhx25hE8rdJZMs29D9l,Valid
VT1iYj3QBetJ6u57Y0dvNdNJf2N25mvbS5xMzWVc,Valid
IHVa2IsxcagfSge5MSJfldLgBO0Fi9g2/OBofHsM,Valid
sgdw8GMLe6Ikv0RgM8nJR3aFGYmuIy3bowUv0LNu,Valid
mEux9uuXJWFfJoQjrtA51hFCHNgVx2IOr3G1qGZ5,Valid
SSKekUMkC41On/3y4ET3vG4ce2bzNVyH4XT3eeyT,Valid
fvJWYNwjier4rbgFdTV+Hr/cwupptKkPQE7aJmr9,Valid
r1pSvQ/2LZhSxIj5z9yhYCs2ZYTxjGy6CQqMqU7o,Valid
Msf12VnD6rReGqvSEtQFj1LocPMk3RFpG8M9VzyY,Valid
0oFvq/25x+mzhAb+ylclQblFXhLh+y6ftH2vJC14,Valid
hnoDf2Fn/YVSk20IwIJ33BY61EgoAoprxMd+bsSb,Valid
pbD3hGCxRnUIfCVSiXQSvtkPs3ig1Mdj4pcwMzR3,Valid
MuXJCI01LgXJu/F4o0ipalErEZ1t48Bcqusc/JBd,Valid
qBmX0w3b5rqCvOIkvZFwbsPwqVi0W1nj/IbAbvjN,Valid
EP59RWRBjy98wslfLfUc28kMTz40/7DEyot8AmRB,Valid
eGakwRYsmbNxGWMJVUN/kzmIeTYYi6GQgMq0bD8D,Valid
RAOsyKRjmK9IBxshTZZE8nkFIcmLX4DnKnKyCwX9,Valid
EWfWBbAMJxONOPqiHLRP4YcdxBeTwuMO5oN8vXxn,Valid
ZU/uD8D++nCbtmzqzsAs/uYnNGJQaYjdCQ9wFJg6,Valid
NB1FiTrkgGiZC1+n31R6mMjweuKLkut2bxAhRIjK,Valid
90qp+f6NaKFApERXtfUhiD+3vrW0M8rBWiWd0qG5,Valid
NRTLENlXfUuKi29e37DTleC+kJq32jKrE2PwoDic,Valid
hhDz7vdL7nE9vJdVvnMpmqPrBUcYrsGv2fu+2ol7,Valid
1AHvZ6Bo+6lFWqTE4pIapOSmRHKgrqkW406qlqlA,Valid
tW1VICKfFQ1jzhYo2BQHE8emRRTTx9/TKEvtEwrY,Valid
0nRoh6mSJWzJxQlqDKIIhCldlgj0pzpb/5bI9nyf,Valid
JF//c0hqcqYs0rvjjGax/BVBTrrUetbHTxVKoyJh,Valid
3pJNM/XFWLh5CKyjQBqJwR6p534xWYVZw5/ygKyV,Valid
AxRfcc00qCjdiNCHwG1p+jH4NIsCpd0zm27dNQKn,Valid
x5zsaPZ9JWUqJoj060WjRWOulz5KuWvDDpd7ux0G,Valid
Kt6lvtVGwAcdEyHzcL654FXpBLr9KByYKOJASbd2,Valid
q8Mi+PJbnVUwilyKUG01bb2GeZ0SpzZFOw31oHbO,Valid
e/nz5HukTlT0cAFcGIedBqBkSZJJMRQQJ94PM+AY,Valid
Bp2g07Aur9nv8k9biAbbypQdklslyAHlS0IAJzfg,Valid
rFcvl07Mo3rjvD9w2g35BzkfYLQzRYWPFsl/D8UG,Valid
LMIrOr5/xa8FQwLVEDsohAeyQMa35Fi9xAIgSDaa,Valid
Wjtev6oBK4bh0gaaHNcpbjXmA8f8u7peOBpIZGUQ,Valid
SQytrKAUE7PY6Xex3/O2bNFB6wKqxYY/1Yek49Gi,Valid
EiCBt/Q1aYVxhLVvf5UPh1viOQDPtaEk8mn9LaQW,Valid
LylTPz/KmW0uHfXDVJ2koro12IaKqzri6Cbj5LXM,Valid
VhoCF9Etw8haR2Hot2a+Zq3hwWGWskbyU83Ozayx,Valid
d+jYK67HPU6rfUvUC8vBTZ0vjau2FsDrBV97Y6Tj,Valid
p3L8N3gxRp2WnRGe/IgpZtL2uvpTy2HlsDF4q3mC,Valid
xLuiZ6fBZVRI1mXsOIBXWmIS7sU/oGI3EOCtpO9w,Valid
SZ19fn404nI98Qwqlue9Hrz8Zqc7pjL6WzEmuQbB,Valid
eEDQkB+dzaZvd+hnww7Wrjsv3G/2HjiwIk34xLA6,Valid
q5kC6jn+awVEtFhKTOn0FaCWb2fFGbX/7muZvb+/,Valid
u6a6WSdCJg2+6ONAS4+gjDgQiUY2QWjhpx+XA8N7,Valid
5XANts7rFizFAbHszZzwh8sy4thDXK9RAhI6kxQv,Valid
kdUnzJAQGQhEBtOo/2o0OBB03OcTKWYleRuzaiil,Valid
6X4aVGuAyBIqBOq1FGTNpqWdA9PwY/83Zhc1ivpx,Valid
cVNHGC5t+GjA1T3ZLjaefttSTLTPcIrFLX76SygS,Valid
+802BKMPl8vGzoQ9v24WM02DZ8iLwpO6jLRykrwo,Valid
lSej+P0DNWEni4SH/kuBC6phbwj2ORiYUPmcUeh7,Valid
O81xCPYhTf3Oz7ydoNv4doY6CipK8THVXtF3Bd1W,Valid
tj/+lrlGvF9gQBX1k/yTXSjIShXGM30EFt1t9NEj,Valid
#NAME?,Valid
r3Q1beLn5A3QSsXTHdzDVpxEXw6WcHkE62oQ8Ljo,Valid
dB4V3E6rZqRxQK0Qxu2bHDRue/8A6QZZk+tDF3vn,Valid
IK2cMLasoYJqzHCAzVQknwml0zvTKS4mhZcuomck,Valid
7qQ0vw3IdS2VvXjCINUvyPEfG7GFk7VqYMContaO,Valid
rppsbQGNI+iptnq7Rc+J7wN/qcxruptbK+YAXI2G,Valid
RsNZqTsXlaD7SPaRIe/IgVIb7POACAhs+ORMW+nN,Valid
DYt6aru0oOMiv/iKwtw+d8H1pYfT+T9oueu+sEts,Valid
z/36K/YlUZDrUvTmvibxaH6HOIYf20WfsizhQCP0,Valid
4PczZE7GItShIGcYgOiJ2mFW+5Gf7Oo9KgGdt2GS,Valid
PQp7f8hc3oDRWVD+3zmh1c9+OXFdhJ2Mjj4Ih5NL,Valid
yzpD/Wz4GNviDqeOwvQLx+s08j3LY+SXbL84AC/8,Valid
9Ee5t9nw3nU9txvee/OW+Ud03hOj67/+FpEtexcY,Valid
EIcJYGliSpAnnTgjxRUvLMGnIRxJEAwnKPFrbNzp,Valid
POD2Dscr5583kedGfFvOXH8nxDlc1x6L8Pqk1vSc,Valid
Voq+MP3UhHyyw7njxKaceaougub1XsclxNXdTPEx,Valid
kCopNLiSO+Etnni+JY7XTRTzDgM+IC71dsRfyxBw,Valid
ocCy4RbSghFHe9I0FBfg30oB0ttY5B277qeF31yP,Valid
rjp4BUTgUdIZ+RjZMPJXRam7IDkIorvVzmrDp585,Valid
o9pPfo8nUbeN4X/8RFp0akvK01qrsHDkruDkXPzw,Valid
JzMY4uPjdEEsh6c11EEzsYW8WenWSvvns1kThsKa,Valid
tVRI62W5w0USxn9m7ZlXD3zrjuk86/heQwqP4gAW,Valid
aHiTMScY1tAw1lvMjvOMJIzgd6pgr/3QF9p5R9Yc,Valid
UCV5nw5T31ulxarqmKMHyB3Gqe1m2pNXld1MBPvS,Valid
o61jUqfzlYHTtETMk9sRcvMvlWIzPPdVyXPpxHUu,Valid
MD4r6VxLslPxa7mLmGyWuTqzEmk14anbbxLpKq2i,Valid
SemXTCJpi24Mu17KyO+/8s9g6xV9veoBrFZQK88V,Valid
CKKNs/MEwIqxHk7eRTAa9g3xrSN1+4QJbDrQUu8e,Valid
EUhUXix6PJN2vdy902w1i39MszPvNBRhZ4z9YbNP,Valid
pFG+2R4Eq6zs+ctSkzdcHaDbOWBOnletsUotKiQp,Valid
dySSOFTlzcngASlNcMkoPWI8Ikjn6jw0a/wvQsfR,Valid
ohO12KFUumNbfULx0URFjm8SWRM3pLLBIshMzhPz,Valid
FsNmipyMIUmF7oYUrlJb3cBykfIlzhGmXw8abQjg,Valid
u17BjPezl2dpAcgTPvjz0IiqpRwy7ChwL/Ho9E/j,Valid
mrKpwru9dcTQHjqraCGvsj0MSW6wuxf+gNcYEsdo,Valid
bp2CBAYKEyk4XCN1pNVswIiuTMHdbXGCAIHVjcdL,Valid
9gGHMmFtr2zh6o20w20kJGG9kFqR0rGIs7k86Fua,Valid
eYDl31tW7rH9RTRWssz84I7TBGqZWdOMj/zwfbFf,Valid
Ki3aToJfbkqxoOAKSZMgvw/XdRUPYtLhSX5eRYAN,Valid
RVmExd6oeOrcZXf+YHscYGu954bANENVs7HbR48J,Valid
sKdDHd8feVIfx5FtVgHqEPykvzB7fE7WMWTXb2wa,Valid
NJdALtTasloN2SDpsg9ecuAxp5rVWpzvgA/vOlPk,Valid
sRObEhOUREhHaJ8OuIJ3aDi08r/fMeD7ceJWYk8K,Valid
KbIcr6rShu1+fYDcmmMzgMLqCjas5GOYKPkJF6yH,Valid
kAm5nfq7IEglybnB6qorU5jIkkGAAbCBzzacQIEk,Valid
earplTRkEtBuhPCn0F7KXK4S7MChTmUAT563GZtc,Valid
#NAME?,Valid
PXtkF2k/rCZg+l1Ve8XhADCvNY4jkz6vIWToXxr1,Valid
96/UJIhx4Lc//a87jSWsNcWx8Tb7BTa1IaiSWXE7,Valid
3UThI4KRt4YtOT1er6SvU881+XCuIjZmWqWb1Ij6,Valid
gGvxzMyU3AUaUB3VeWwh9Lx99Ec9l1gcUSbzz+5d,Valid
ktA2B5c1KipZam5kd7qbYDUyPI3toXf5SKi5Xnq1,Valid
SFAjFRAmkLYaPHr4spsgVhjxKk59lCgfRegaaiJ1,Valid
eGysm85dI8eIxCYB0h0raSiMVUamMHY//kS+Vh7O,Valid
nx3QA6r7oChqjwLOZV/eW9oIJOKViHEdcuCfID5C,Valid
qJIwJ9N4/VriFkHWDDD/qXjvtHiSrGnq9Wi6dGqy,Valid
fbcLG8cne6c+mMofHt5pJpVieUPAYssB4IxIDZh6,Valid
58VRYDrVJ+NqBNTWF7EOpwBTFvUxrVqmYhe/kuHx,Valid
9UenmE527UETahNy5nKhz+AnpuCu5Fx+KAaKzk5i,Valid
TXxqsOAGSbsbm0aO6oGIK6Gazl9ALPeR0Z2x+QvH,Valid
JDMkB57nqhn8VDYUohYc7Fso2sVt0tlaGMq47TzH,Valid
cYGVSo/At7dKyb+Oay+sCTK2QWn/FfWbJgt35CIB,Valid
K2yEMCx2jHFmcmf5poHcwwHRoa403FhxJ3TKc2VF,Valid
v54SktSRaABNfm9dQXDANitzKBkE9o2Ng9t6QVy3,Valid
TeuqgHFP3aXr7gsXkMI7XLSzxVOOwIFFq5pfxnZt,Valid
cHf+LgiKwxTKfRbAKmYsR4VV56By9NozXMYul9us,Valid
FW8pH0Uyx+iUJYebLsh1NwxmnY7FugsWXszVa8Og,Valid
yUeG16TlOTiyIy0iTYSYkgwNasXVUDTrpMZmBZaE,Valid
YM65inYKz/05Qj5FpG23lhU7/S16y1aA/xXneTA4,Valid
kz9S70JYybK+THzcxcJeL+Nu45cStwJnzwVOnJ0a,Valid
EZxFgJDOS9V3cO0xOwdHdtQd2jkk2T27Mk1DYTw0,Valid
hJl0l2rmQlV4ALnEGxbRbh0Xnjl9eu99rYpXsIat,Valid
bY9iX/LS/hpRHmb8ms28MVjlU1hFXZdx2fimzl59,Valid
t7IvvfvI/Bu83et0iNj14tg/1Dum933G49ifyScy,Valid
UMRb9OiJhShFf+VeAAwLRohG6q0RlWV/cEu05ZKW,Valid
LXr5NN2kTwadDKhHwfqFWXr9OOJJi8yP6KKZJ8MF,Valid
TPdiVy3iVqtkvvjsDJAvOqVKJrfREAQKukC9+hIw,Valid
2124QZhw4XPDx5dNFCJyGglG36Sl03dZoEvIWLSN,Valid
hxmBxT9nZ2w4R/4ejK1RcpJ0KQ+EDipNBjhbwFak,Valid
23/iNAg24WDzH5DMGkjFfxHnZbFXPrl5lyzFSXFb,Valid
Pb0zXdwH0F8V6ceHpVaskuYteUtlfMD3uECK3jq6,Valid
1oPXeeg9u2YGGwOUhDH/tnrDGfe4suWhiNhgF7NT,Valid
1j5fA3pnsHOqSHypgcAwMoyJ3vzooUmPvQ79xJUq,Valid
s8Gs6ozqQ854aB9gxYpwYkTZD+4Y/aOAxL37SrvI,Valid
i3suTUGecHN8V0iZHOEg90iCv1p+hJYHzIQzdTQd,Valid
1+O1cEBj3joUcP8hhuJM0iC7Ugt+7Or5vgo6gHVt,Valid
PUDyA+elfuHzWuuisWwyIni94/DU4vBtDo10p2/Y,Valid
#NAME?,Valid
8hTIRQaICKazrygVA/U482aTding/GqF9p/gXtv7,Valid
0P2jFuDNbC4AjevH7s0U6vIe+Unn6zUTQv/10P62,Valid
dYXMw4itxkui5MLatnAInVrT/8mmqRwKTnhrGQ0q,Valid
l9+wY7+MFq+v45rIyDuJJYskrEoV9EXPE8bSPMSj,Valid
YRrmmi3jMlKwFxeFHXTuyqi+AQC/PtGj7GlDQI+y,Valid
ZkUHJTaszn1CrcElYY9kjgAExe6kVM7eChFGpA3W,Valid
FoI4/EU8qtuM4X+Vr/x+r7yfpX2gYUKKF80FZJHm,Valid
n+Lk+GK+8rMa75ZpiOmU/yHY3kBtO0hLnK7jNL2A,Valid
CT6E7bgYj4yXW1Ik9FEQ5wd2buksDr2Ve9mYCg24,Valid
7fNLP9aCPlscr5APWliMGgSfcubON30PCAetbz0V,Valid
SvXsCjw70EnC7+d2xGGFyeeNWzd+62P7HAZxUR+4,Valid
8CT4VimmZxePK5TmB2v7T+C9jhfYDU1zAN8WDDNC,Valid
xxlNFuibexseziI5Rlyp0wmG+Xpls6RhjtLDfQYB,Valid
EVuV55soyjN0yIONdVxUFDEZTaXWoKB3DbFJe6y+,Valid
Gy50DQY/jP1wkZwFy5M843PXDRqmCJkmrDegJZtl,Valid
/nN8HNlHlAu2uXGfABiUZosY/b5t/7g5Yf5mOh/5,Valid
GxwCO10N+MetYi4QHk+dJEpBHysSiJ+/HNTAwBys,Valid
oVYYHvsAxlB/Bjvj9EE69Edh55f/yWEHKj/o2RSU,Valid
J0TDUbjoRasENv17X926ZjG5aWl6IrIkyU4ij6pE,Valid
dIiEs/G4agXIUkhzPWiHoZX4VeVponomXndSwDLK,Valid
pu5GmdsJ9X2MWnF4ZyTDscLy9DALN8QNdr5D+uTK,Valid
b4uJkdb8Z/0z5ROiI7v2f2K4k6BBwgBQxBb6VR3c,Valid
gxMWG3ZMhfbm0OtibuHATpauZnra1oE4YHmz8U4c,Valid
xn5Jw1uVAZZDwtIBz06ayJiSUBpI7FZJcy1o0jVj,Valid
BNn8mUbnVwBrv+dAB+GWuHi91Z68wUiXoTQNfLZE,Valid
Ogjsvu5ArW5QLanm7SjR9RBZld6sSQHseS1imv7q,Valid
FM2O6sg8VLRsERPcZIkePKpuKyXZj6dH4uGIMkox,Valid
t7m2kjOBUvgaBCt7RcaY8ida+0tRGS9mDnuzOwuz,Valid
RCkxZkszuh52PwS3SXV5od1NqsyeVI3Wmh0vxMNf,Valid
JDY8ggp6rEdasWf3P+IXP8GkW85SBXlr2COJs5uk,Valid
7OmInxvtG1dIBrgAAbAX6b/bw6y1jAfYWjaHOF1D,Valid
CcedeirDSsLVDG/JpHsyzyjcX8qV8ihYz4OHsV9s,Valid
7QwBZkIyESQv0ZlKjpVCzjL47hAwHYt/ZJQia+f0,Valid
03rydRmqL/B5ZH6fRb3360sIjV70gnIpqlQ7PMF6,Valid
vrLw0BcxqWI6vD85EHoibt8vw5FqUiy5MwG0KZNG,Valid
vgL5QDheK6rQcssvKux/ghJPNQ9EoXyhFjA2W75n,Valid
yH+1KrOnJALcAGorVv9a8psHLTp7JgMsQYRD6gKC,Valid
hTTyvu3mz/K32VdsHcP2JIObM2aL5i9AAUFjgLsV,Valid
6CRixdgXB02t4AwRR7o3gHXhxqwUSwMs4ZuV0YfS,Valid
2f++A5REu2z8WOvtlCZyXETqvs0tM7LyfIH904Oa,Valid
XCo6OwngBGJaovqb91prRtmeOIWBGcal1tAufWRT,Valid
oT/a4+7k8EobR9HfaZ3FvBbUD6bJAxucjoPwW7oZ,Valid
SzrbtnOIxR+NgIS+jRsuOscQO2VWcJ0zWnquUu76,Valid
YWmJETJO4DKX5j6mJP+smTlc9EGf41MC7gJUvaiE,Valid
xKel/UfpvIZe+CMypirPyEquBfb9c8ASxorIDuZ7,Valid
1qeI/BQnRLRHXP+sQVMm1nAJ7huk+K74f3Uo2K0D,Valid
pVS1OOwQMH2BHWt8MqczoSmnS+uEBDJGZ/Z047ke,Valid
Wyq4nTOlBvRJFnjx8MHlXlR/fuGDuNoIqpha+hYF,Valid
MHawpemRvXH13ZXQStcheZfxGp5zmihTiIOuIpab,Valid
/b/Nwuj/3AGbZVxNOnO8rJMsG6fcpf7NZi6r7FZ5,Valid
RhjIz19/GnczG01GeOpf1aHK1jp/PwseagbLh+mE,Valid
TVfsCSRFdSgCIdJSccy5/3ucor/ZNbAiaobE7BLm,Valid
SI6aJ+D/xXE/xWs6nKNPb0yehi7dABYPddS2VUf8,Valid
9QwyxwICg9U/KGRwMOLmoM4EFEX1Pvf4iy9Ya/nD,Valid
zfbrdfr6bZrRCQ4GKkq9y8ppb799dH6OX9wADI4A,Valid
u5whlaEVV4lBzPYB1/GfUsny9Ud8VI785pv8Lj3y,Valid
FXYd2OWpifdOLlkr/QsX2Cr7Fr+QgQxBx+aTayxs,Valid
/LzNOQfgbAiLPogSawjLGe4kf4rGQPT9QDcT3rr9,Valid
1f0EEx7If0ECeoHDNzxC3OMiJFSbXVckd0DbvWdq,Valid
hU+f3lDwKrHEyjpcRT8YgeXmoMzWeb7/HMkvmaWl,Valid
4HxV/OlHEpPuuTHA+tei6YyRN2NFtvPPNiE5mk0L,Valid
Tq+Yg2UDSg8W6+lDADdq+EkCePjPPD6XgACNPEKh,Valid
2mVFdlk1AqktJXySA8XhENCue/zq+DbBczc9r1O1,Valid
eHAldap1/2mNxVf8Hp3IlOZvW1f9dkMDbXdGs1lb,Valid
JP/OMkaGz+uHq7y7bPTsNC+c6fbTv28CUwBoMgoE,Valid
Q9LIma86GKhSDR7wmu7S4bmdEqKLWy0MccYLuPw4,Valid
WFhctFdArsSxhdRzqbGy63hqO41XA4IzIAWvRFm7,Valid
E3d+nFtQZyH6ZnKkogNpP9FKKlJG0khrw9Xi/fK+,Valid
NjN8CRuHfRxJX37lfwwTgacKvGmEE0fhYCtzs2Rq,Valid
ShlJHjvpWl3atG13NQxcKEPkI9KLLQYwbWsB6lsg,Valid
aA8bvUhDAuqkkxWegrL3Y3uQ/imzr14UT/bPAJAc,Valid
JUKzoP+uagaDG+dSMweMl4f4PTtsa6iLDrrcc/7s,Valid
JU3PQ89I45lWlJTOvVDHs7qcRcLDLS2A45g6bbul,Valid
TvLVmdLzLj3wq1y9QWVG/ZPd0KbO8W3rSXrvxQQ/,Valid
S0Phrqg4pYikRGa/hihLEfgJB3YRZ0SAi+yibgV+,Valid
/Q/EHLjnmp/7aJ0bd7bQy6JPvkKonkXX279fc7jJ,Valid
CXy1F1nLEtAkBKRGmB2ZCw0E11lnM+Lq37VPdu5t,Valid
SCDumJo59pRzf/WbGj8Pgb361W6WeOtLlFlC8N91,Valid
xjMfnTu87UoCzGX9+DcoPt5zlq5PWEK5wDNJ5uoP,Valid
D2RncwV1fF4fGujIyQWcBQDZxFZWmlb2dDvudy/F,Valid
Jy7BPWGX0XR5siDcqYu/KgCdaJzefVGJfv1PXQ2e,Valid
ziq9MzrSiTLbxuUYucv3CpB6kePPKN9ww3s4H0uj,Valid
JjCeSnwYpzb67SPmyqGoq5DfTWPyRAzC9dRXQNqr,Valid
T4euHWuz1o2mqYAWb9Djlz2dSOMFnI0YY3jRnu31,Valid
8PyP1Dh1VLv0uJpdKw61CzibbulgH8hbgkyn9a68,Valid
AnHgncVubRa5B1BM/qVoYgOYKerWXuVHV8OMAqVh,Valid
AcJQ4CuWjBKhKnBNiIj/Gvy/M20Hhdujw0Rc6IGi,Valid
hVnUhkQ1eGkyDq3ElEMDRIClN/FhXWpFC4ORnrMO,Valid
W+DNSGsF6DfIALoNoEBlzGI+8PdCY5ceTWd69HKI,Valid
9qUZv1WLBNPvz0+vFP4Hna8Rofa6hETWkwktZCUL,Valid
o3VPoDfDDlyV3eXv/bOB6cVsajDbDXGLo6GKjqYJ,Valid
MMkLE8HfEESQjbup+RGLBd/Gk4AL1UR1jkVZ8lDf,Valid
5N0LDeBFNoeDZG0FuM8O0ApGXpqMROMB+JIHzdSm,Valid
U6+Lh9IK3+KKylik+7YC3kkfgoTZ2VDTk/z30KDT,Valid
IO8Em4EAbgN4LXkh6kiQwgNx34pwH3F7ym4UsZ6r,Valid
#NAME?,Valid
bvCIVEmLtb1lHw6/WLdWMtuc/wEfALR0U1wdyjrR,Valid
ZyFweuwUHr1pCseU926NM12+SkY4JUOm1Jt2RtJK,Valid
kPczD/BZtHqYYeVGrfvq3Dx0KDHeGJ7k+wIMnUpq,Valid
jhJ0ZMCjoIJh9ky2Lnz1/P+Od21atBr4ifdSZxH/,Valid
XX1lMcD8n2PEHidxjQK8IaKvkX6hPQiCsEz0X5il,Valid
r7O31gJK3p31YISIdjHKmxWTLe9kInzcPrgouZjl,Valid
uhD3qNizQLz6tJzs9gExhpu3HcahpZB9afLMPSCu,Valid
GrzwxkeagwuwoqAs8GFfCXFievXiJ+9o2BIIvACV,Valid
aOW1u+yZvyY4GqI1SyaRfg9+I8E3UfZNVH7N+ubM,Valid
p72eoN9ESQBmCzVfjtBBsQcESUJl6ogXr1aAyRyC,Valid
ejYrywsDACxOk2WaFhGShtPk6d6PPv2es3SFwTLz,Valid
bqAqBP5siuzD7kUDdFYTui8jLoplFupQmM3ziWGI,Valid
KWmgSh2yeltRLYsH+ZT5cOOFDueM2DzQQPOTo+4m,Valid
uycl34PFMwZD6s6RrgcW2GE4RuCK8iBbUJeHw/Uj,Valid
NyVSPU3U58NG5MWC85a3r1pAZzDYwqOeAlYPE7ol,Valid
cjFNpLfdRx7k30JBItoTBM9EinVq5xgnpsDXEX3m,Valid
43jNF1dgxVdWcywMivY4kGVRmL3nPaf5en/SEGFf,Valid
Tf5VpLbrZu9xN5UKFG8TcXHePm0Vi2jfMSWgNovw,Valid
xgT9gtCypIOFlC9KqQKJjRCd7I3hDbA0cFwOO2sL,Valid
vUbZwqvDDbcVaEsQHTSXBQE4Ng4L8YSdgvoXci2x,Valid
Lv2CSUeylgUEsolBGAd1FzxUNcCoV4L9KnZTfUNN,Valid
uctfaJplAcmFkYd/fmK0vjCYqEtNxCYEsuA2EcMN,Valid
lp3CRp+XgfdRxmXxSM69iObv2Z1LeD63/yOT1Xs4,Valid
qGXk/yvl4yesR+x4jCm5KCskVDI3/g7POCpMBTiy,Valid
PxtbJg42wiobXiiO+xfEbXFFKyZcYVT7jX86hyr6,Valid
krGgqTuJ4zJ+aRrOyogL1chiB6DPS0JtFrhyV3rR,Valid
8N8K9uHQT8uIC+F4uWBy2I7T51UZ2AcqiJ5sImVU,Valid
j003lyvTdSslyZsjHAfO+9+x+FR3YebDPFFJWAsy,Valid
D4LqLWO1ZKRUovvBhnGqAXW2/uHAY2Xw5FCi/k4c,Valid
jJ990tz7N3dPKizWA982S6RdfYomQl3Y1wiZccJv,Valid
YEgOWSb6eUeCOdToMfnde7EUWZXHM1/WuH7j0kTr,Valid
rxvfUCde+tiyFZsZ0zJN2CTkFkXgdSz/TZVlOPmC,Valid
CelHcqQMcblxxk1KImlVIMLC07Cjp8490jeHKJjG,Valid
a687Oy0tNpyArbJDiGHxy3rxIw/UpN5T4XAEw/Xt,Valid
jeFvxlwiTKX5Zt47M1cilHdSsPOd+8ViTCM7SOqm,Valid
3PoQyhPt/OI9PuNDbar0Y/k/atn1OFp/jeAo4m/n,Valid
qB4Rgz+Cm1KHU6xvKYVEpuDuxfu9mAr1dFjdhrcR,Valid
SV4DDPsIgjt2mr6CJxoND9upcZbp4Gt478n7I02A,Valid
4WAzdtF5W086kQl24tfhDXGoTVJR7jrA/NqhwHh8,Valid
qhK+40simh3VHolG0Yz3YnCofHjIBB79IL+UWrR0,Valid
xOVDejPiE+5nDSiEqr31Vei02xR42o/Gh2tNl5S9,Valid
hLSaLvnoSZypDTFe7uJOojYRZWFG4GdneYr+5RYH,Valid
LQmsFxvMwfvsxSU7filXWD+3Ctwl2Hs7jqZJk9qp,Valid
MFtwj2MdqzQ6C7HcoB/LMd6jVJQuiL8RNN40An+m,Valid
fvyVgYGhLT9puTdGa1BbXejed1z8iW+a3ajX8TZZ,Valid
RC71wQ+8jQJztFI3OWBSJ1/JOXiEmXowF0vFNgUD,Valid
xB0AJjSk1X177ON641Vf53es5HMErhiwFR3rhTC7,Valid
UCE+n10jQ1O7GmqCiqE1/2ylawzc4b7Ak4k28Xd/,Valid
Efx5nyjzP+QsQ187+e+QF0KTIUallf2x5tHK4MDZ,Valid
O++obNshDnwDjHJG5ChwzYWnvSHPnOtsfRsNOYCC,Valid
X+JpYlKeCex+JRwVN5SKiWi14tnKNzF/oBqVu3LQ,Valid
A9g+T0RYuLDFql19SawCnWGE9NmEMGxKaiEJ5ESl,Valid
BozKHH7j+oEgWiTpwqqi1xgn/1SNsIA+gTqTnPG2,Valid
QHWyjbjbVpmfrmN/n3hU0VQkPWfFv5tv9ImSUEKB,Valid
LhAJJ3vn6Qkd3dmU2zdNtQweC1zLK3g72AXNYTh5,Valid
WH6uCBFi97Z6wiTProdavppXw0i9FD1UBLsIEYxv,Valid
qdNR896rIMNMWnq+hFvU/aty89K6nvQMbw/pfbuL,Valid
z00bRnyNRTg/dyL/O7Ew9ftP2D8hD1jvjBXwvrvY,Valid
wZaqYFTCEaco4ng3Y2uKdk3uDPM+lWKOLAzurID/,Valid
NRz4wPVGlHEcAAJvRwACEmCcTLQ9Ahut4oigvboJ,Valid
ZoT/NBHtcNKOeHKbFw7KW+G2RuW5l+r0rC1KsZJm,Valid
Kadz3m8AvQvfiz3bNRE0ZT4PRDj97GISGFnInNod,Valid
Y7zp3U2Ppr6T07IDimUjM0hfExebBN60Jpj2tgDe,Valid
Cq/kEIBnDwrkWn0tknFj1LUz7xRymK7yWTy4kx1S,Valid
J5LU22IjXx78YC9nDCs/93P6szYRop9VUfcW5EKs,Valid
ABpng6edSW1sKkBuep36AJIoyyt29756n18pPfo3,Valid
#NAME?,Valid
UGVbrR512TLMQJVdGCV6s4SEKepgkvkgMFyqSq9j,Valid
2dlvXm5SWpG/bheCFZMYUur40D1u3AIN7HHzhYsE,Valid
hktc/DNoR9JHFC1HS4oPJqUtxEb6hnFO5n9zaQYD,Valid
bR/ZD599adl58jXBW8ydT+OlB0OC/gvk4evaJbso,Valid
icEEAXKpgr3Ry7AZ0nsXGQxj250q3h++DxkIspBu,Valid
ez5mDGruxnt8SQ5lgivboPtFbk6GUTBqsqge4obj,Valid
ePJZvyXb3Kr0XG0jTeKZyf00JuLXZHKso1uPpja4,Valid
2di/w+H+JNUDkQBm6hWEvGya/sp3WvjbX29ENDGJ,Valid
MT5ftGA/H81jIgakcafzfworH8SaG4ObELzHeies,Valid
FHyk3qMDmAWPtgX5X89b8u7tOAMXZfFlMrYEDwXk,Valid
YA1zDP7ptjwslTyzUDvsMh4MAfsnh+2T6wea5Gvp,Valid
utpdE6jhA2ZncSGVo41E3bIqKgm0/L83tsgjBh/Z,Valid
psssl0zEJSEyJtwE5NYPPoAAaGCiGbXseEjh1zAU,Valid
Blb/1zoVtlQdyanIni7pgcCIpXRwKy9CILFKx/Eo,Valid
T2MURIF5WIKnLVq4YY51J8gqlRJIJSqC/kxBuWe7,Valid
TVzgaL3/5EiUlRe4a/sxhzilxLFcFHjruRZyWiWm,Valid
wHEf6ez3E4nMp5NzM/+OKIEru5aKjjSaHbQpdoWn,Valid
OqW+zMBKdWxHNa5c8CiaJM6IWxtWhuTD2HuRYn4V,Valid
PnTjNPwtcjTI96gT1nkYAEVAGXyUg/O+hstE+ge4,Valid
jg6V3m340NKdWGo35Nk+6aSGv46sNZ7jiG4vMgeF,Valid
BPthnDgR+ZmIlXOf4LFcrDZRPvFGPSw55AMud/yD,Valid
utTYubHQ4cDWmqekKJLpCspYYDal/T+9mQds83zM,Valid
BvDLk/W4bUulGm/63/P6lI100HTMPfLmaKchNLLI,Valid
VddiWqUjqfur9tNp+7/yn4guOc0KFuqOHq0rpma/,Valid
YtPs/xH11Xa4yzFiLOkeO40JYF4gmzBC01EnONgc,Valid
W7qxil+yHKPXA7rVKF4079PDbJYGUqcJvj8WcHGp,Valid
GiSX/6R7xjQVwqEfq8v8IhFaIl4muVUUpBQ0gmWC,Valid
LnwoSGiFfPiZROWdnogngR5pqtcXr9+HMzmJlnkM,Valid
KOrtUzKDMz6yl1SvblEHkL+clRVvSBMEF76N11NN,Valid
iz9cZR6r/7vcjSFcP65LidOAU8ZGR6k+wiQuwuTs,Valid
JPCwBF78+286u8HQmjMvY3SWFCtgTnXfWDRc0rzQ,Valid
9d2m595BjtnOVQVYluvsnA2n8lid+Cqb7EKKNuaq,Valid
U1eGs3XEzDkZ9hI8JPP+pC1p4EWWAlUQhcu7cGgu,Valid
kD02MkwpBiOcXWwPz/CiA4vZ97mVid4vybgfWGNm,Valid
3ruzURXaDtiVJo4rz9sgAwFO5phkKoJh/XFYNsnT,Valid
PpydyA9v1+xv+vDOVjbNuvb9RS1Y2wR3QTdd5TO+,Valid
NWXezvS/AnhJowWqm0ivOn76AcE/g417h8hGEqGX,Valid
otFvrlSfJr8Yu9AyPeEo48oFahQgvPYouYZLUiFM,Valid
Pd3wKQHH9J1JVkwVwbDGb1Xxc5yaJMeLlAtIsdc1,Valid
NewVUE0GgVngLh6orGG4Km58bDD2x5UI7gb6Hclx,Valid
AErPjf7VYpg4jVZbCweIzwP+KVTpByDhaf3my6MA,Valid
S9EHy+uM7+WkFxL3pbZMKhv8xpNAXXefUOhkbRIM,Valid
ySiu3PhSAjWUQF3sCKXTn9U9L315Z80c1VcbXLvr,Valid
z0fqamlTHp5cnE8NZs9ATq1Q4kJjiSDrPpJyk6fG,Valid
6AoZ7lpwp0tVbyGvLwaqyQzgcmu0ucwru8zdlLQ7,Valid
97v4ltgwV0hjMX2D9HcYLuMaZFHkdxP7D7hAhbl1,Valid
cmzIjBGQgzUEDWA50QflXzPLGOcpjl5YDb6kluoy,Valid
v+cod9oiZ0kh+grn9Flv4gX7LTQipjRUGeqLsHov,Valid
4mnZrC5zXaqEzSymTliebvW1tLIVtwuK/GEHM14K,Valid
4MBDaeaXasySSzGrXvnhGJMFEZ+JNYrK5CUo5w4B,Valid
NAgKbiN9rXQPlumyuozR6YbJ+zLHJfHA9pM4fwZ9,Valid
eZMDF/CxESC1+52SrohDoJ3L2eXNdAY/GZhV2orf,Valid
ZJ6X+fy56jZz9pQEmuMsvkWVaMf9vXFfhTcUHmp7,Valid
KxhlRXCRV9wcCPRKnFZPhcpVn7L/gtKJSB2KXBzW,Valid
bEvKz5A4sx4KXhT0oinA9frN5ulClQjjI8e2+rZL,Valid
67GhlYBvYPhFf6ZQHTSW19A1bNuweXjhXxdDdUBR,Valid
80miCOwovlB8+IFgfSU025nMeizf033U95ONzQLn,Valid
LaLvwypoGqSFhKZQJ3Qv03ip76u1u743rNHQxM5t,Valid
kEZWu7NdMkPOfUrnr+xFoCB1S3ICrAH8MNJ3V/xl,Valid
zqm599UYno2xdLckDrF/UR8D3vnpS1SdXRpgexSx,Valid
Wxi0hqDSSa5+1CV6aZKGm9IdfGfPXdyCsNb28YAQ,Valid
0/5Ldr76fYf7CoV2kMDtiRD4JA3+aDR2c8tBg4F7,Valid
Foyq2PWtAofnYBGyLLtunij54UK1f694Mt6SOppD,Valid
VHTL3jcwKkpDK5Vhe5SYbKynX0vVuHA0ErEFCRmV,Valid
SbwADXKhQaPFH65jlM+jXZu8YHEOALLOCLxUFWge,Valid
oEMFthuKHMkmNhL3qDavXgPgnGGsEqcU3eL0qsxF,Valid
aDGktjw0UHAUtwHZ3s6b3xM/IAKNcd/4HLwTGcl8,Valid
H1nOwUHmWo9jwsEtednbjkMAJEYVSHqTGwvzQxhM,Valid
#NAME?,Valid
KCp/zT9ycFj20pJyebrlq0KWyfynW0ZB/N55i6bD,Valid
EFsSILYlLOoSrxFnOki2kSbtV8O1+C6pyWIxklsF,Valid
3q87ThioCD96O/Il2OaZVeK3y/F8LEvo/e5PVRJh,Valid
53a/KccyO9l+bWjX40fldALLQqr9fFX3wk7tMH+T,Valid
6CIpucCPrpMH5kuBLs5avIm6mFjxXHO1/cJDWO3X,Valid
#NAME?,Valid
rz2zFbhGzzvYF5gzPSx/CdNDixaT7Gtmg73E/S0c,Valid
VgENCo6bO8VdKNl7LHEJbcCg7dOZKwRpMKxlFmXE,Valid
CLwXsdGNfvQtJbn5rFn0Ggs27YdKzgnlr8Gz0Qxq,Valid
yWkddQ5mtP3iaVoLn2/3kz78fqpg/VjpEcfuihuf,Valid
wh4TmQr0VxRZAiAGy6vTPD9fIU0lZhhL6sfmUIWb,Valid
0OWabfPmnACrZnVY+io/j1II4DNgcKzOFu4sy+2B,Valid
bWoDDMvDlczyQk63o6jFJyAmSlkllQ8olfXS61G9,Valid
C4lF2ZiXL38obvJHlZQeknWp2+if5eUOqo2db805,Valid
QlHowtyMz+TiId1Zim2BszLo1HqvgNtwfyoJAIqB,Valid
bCPc6ex/fC20q01RDUCVjrhPSGoE/H6SurC02TX9,Valid
wRdXBhv/65198IAcIhUAdyiMBX/ChUykw+DXXCjY,Valid
pbU+wnRpsC9HA4OOf0ECOiO26U3w7pyxiHMmd6As,Valid
67wAcoMXuH82jPFPgw43bLsrjig06SAbZVi5gf3/,Valid
Pt/qCG1q0MZM9hzKpY89Q6UXeNQzbhEtpCmz30k5,Valid
boaUgDkq5EJZuVKN9utbtsYJKxabBw8mtDHtILgT,Valid
NHjFfJPaEJNU05dRIdp2llbJ2C9eM3Y+Oopw7iKR,Valid
XGsbZUpqSbovdpgi7/PKQReIQvZZPhaEslU+qmHW,Valid
fRmYlyThv2o2Ga8sHIGzdZRHIP7uC+WPrrZYkjbb,Valid
mjmVoMyxCkwZeOotpgiScKNdNuUXRTYayosZBoHr,Valid
cwYK5+Aot1cYi0CFA51HhoDX+9q18wU0HLGLFoTo,Valid
8HYCuKO5sBmJAQnisMXiYnGr+XKU0HkSq913AB40,Valid
PtLHXc9u6Y+bTFz84ufMavDTWMo7gpewhi2CtiZe,Valid
NW1I7xQ+YQMICT5V0aePSkdmkFjKoxHq2Rlu9aMB,Valid
pbI8kI38T/za6zoc2p3tAMJsydeBi4S2eVDFSV5e,Valid
jZEemCf6qzTQrga34VN94bE33y1PjnQFFjncHkv5,Valid
lrCSaY16oUvO0GjZec3fyU6EON8Qsqx7a8HR7n6D,Valid
Q8t6j9AKIRcFIkEsKRqfpdA1kUQiTwpMk9rNcjP1,Valid
qxiQJ+GZrddRGJnCKdJ9oeMCBk3O/OcnX6uVsQky,Valid
76mD4P8D8oA/IRokWoPmcnhK0cjzGCZOna88kD/X,Valid
VtJzR/Khfh1W4L0orL8Uz36GPpomSEHNUh5ZNpP8,Valid
tOXm9A234GT/nMKg3yEztmwE5HtMAp1K+3B26tXn,Valid
H1Gufg3SiJ7otGcpU1KL8OpNg0SHz3q4yUdtHqtE,Valid
3x9R4cjSvDOipiiOdU99tKA630e5F+xPJbSp2RSI,Valid
w5sJZVkJ9qlGX+MxOANLizAn0iZ+4rjf0CfBa55X,Valid
YON0IfwXNgrd2fl1y4kEb3pN6+ZEWSRnjQPL1yjJ,Valid
9yWkbu7ELf5I1FDOne4p4Ho4ECBatzR5/I1qB5IK,Valid
HXSX6nbo6ir0pRZlUgCoZCd323BFqXJhipK/R6Ib,Valid
pRp45vN+pK6cR44tfjKQ6bgXJtu+JI7R+UJr10Cy,Valid
xUXVlG+GBHli668ccrIBgMEPnUKMz3K6zX+PTl/X,Valid
JT/t7LM6dk78yC1XTEeRQNsWUi1HFSugDLiVHzT9,Valid
etyEewcfH551cgOdhPJtaO8n2Ahp53YkY4/bzID4,Valid
GXtVU889M2HL1RvHsHS0FUFBnonp33h1XbHdr3/0,Valid
1tgApM2gg8bIP+3m22AkTENJQ8Pr70W6tv498DVZ,Valid
edMP8tPTBGjwHHGwUxNnP06ukVp/HhKKzf6J5Ohi,Valid
N8TCzy0n/pfYY8CtZBGyCzTrjP/b+4DgIM6HdIHZ,Valid
C8+pImgD/c556YGibPik8GoCixd3nW2DZqJwVz0H,Valid
wlmPgsvCBiNt6bS0iEfqO9FpRVv+ABy5tCtiDa9m,Valid
p/2QkxDvYmeorZXvt3tAnFATwTGM0j13sXQ1R8w+,Valid
XSbmT545XZGFmxQLCgtIWEPlH4mAdoWK6nrF5+3D,Valid
oQ+E3Kk1/V6OaxMlYQ+Hz0szP7D/HC+OMSZU+tSn,Valid
2ZRf/nvKF7h/KQOgrpODXpjd+EqcXh/zV55PxK+8,Valid
DZ7PMhSPZYwj1scXmakyrQUIU67bCST7y2VpCRmt,Valid
P5M8yRbJbI6uhcHp0QGc59xKvamMVURsv43K8NYg,Valid
HCDkJkageg6RLJWoj6l2w6fdbOghRw04vDSVC+qB,Valid
NDKyvRO/Ux1ExDkPxRqXRoMfnJamavxEwx8I02S3,Valid
1qcqO79+7s3X/gygOMSn0kACtmd8/I/gcordTG5j,Valid
EzMs7GxeJ6Yu1clh3MdpJO4q4c/y0crqvfx+cmeW,Valid
SXPU7e4h3y/Ieg4hUmXYhA6iYMWq5b73BGUyyOSf,Valid
R847yBP31hIM5hNO0PzHMmbfd9tQwMuWn3n1FzAn,Valid
IHQfI2HBSZ9A9bkx4hAmWi5MXbUvFKENb7MIC35F,Valid
jIJM3iH2y3M68QUnyvxwoLUlEI87/MK3Q1BZm0c7,Valid
TzTtNUFw9Iw2WnjtlwYTUR34g6qn2c48MRvfqbmK,Valid
BTW9K9BFxsW4k8l7frOpbwoWdWZssE06rPKrdUJX,Valid
vrNOdjm87nvHPCY4FfY/+XGN6HmzjQBS96N5YK7y,Valid
bW8JtJ7mt5ryowng8/TlmayTzPchMUTrEP4HR1dz,Valid
3rCEKRz9v7nlAnqr8klYT6hduFqUdJSXM+DvOBBB,Valid
2Ders/afjDYNYlwRm3XWMTV8hX/6AVg9zpNSYVS8,Valid
Ut34qqpE6oQywqKK0cUjwXZL3B7Keu5vIjziloV3,Valid
MaDBPe748rVJPcD/PsVrw+gYHwX4vbISKRqkKg/V,Valid
eO18UaAsIwPnWw7/rn9tdP5wvvjgFg2h9TR//wki,Valid
A3uN3Ax4zyK+JGoyBMXb/fP7soKx/1baLtSnMdYV,Valid
rI3t2pkCUEy6IKghlHGsS7e4lwyIjU00sswkM3w9,Valid
LHSzHrofYIuMso2lQj8T5Of3YObDL5V7JFoKVHXn,Valid
0lHFOmylbOoZINBl16MU6BrEDgAVganrXCUPRZNO,Valid
zRZyx2giNCKn+T5Uhwz9tFBO4czrxrrsCP0buXhz,Valid
JXj97KXfW4ybNBoEF5btw2tka9qA73KTWJ2067R/,Valid
ve2L1u0yOR+I8im0ajw0Kby83VlosnpnQH8UfbAm,Valid
0iq/boGSatwYuyueJx8whUHSpd4s8eNvOWTyEW7e,Valid
/nEIbXZviLVYvaj1iCPr+4vkOJemiBmDkXD/MsOv,Valid
WAC4Wk4OiLU1D720Duvia2Moa3amhKhzZt9CN1hj,Valid
yiaLn3DvrqrZd/8YPQskqdfEr2atuwERDS0PD1Rm,Valid
ZSe+vqLDw+lUX1aZun9NQ6qayW8ib0eAVO5NtFDA,Valid
y9/xSbwfXxlZH37Qr5pNXqUh1po9wXRV4J1KU0RV,Valid
CCQWxYyWN/3C/xFfWcRZ+nQUl3+HTt2gcPNZrn4r,Valid
R4wjde3VRIuWsQ4x+Ri6hzNMFugPnr/045Ua/mo3,Valid
xSBoYKtuVUT1d+tr2vx0kA29GUI2A4QDXhhcbZBO,Valid
F7P1BDWGmxYDBsobNDiuAZ5Kb8fs7D9ecEo0Qk4Z,Valid
jGJb86ESlA+UKp0Wd11UhsA5v62NEKtkIkwchekL,Valid
yG4gQMqDmdh2WWHB0pWu+NWO3FDdpSo8Ccr5XYh0,Valid
2H5X0ljYk+in+VD+q1053tn9jWGvX/NkTituuyQ0,Valid
ggsRw+mxbcTWOHS9siSym/bw3gtX2U2ICc/AeQBh,Valid
AHF/iW010aLBlmdbQfu7/hZRsU5yQXkxEjTTBsHv,Valid
RGJ++AUXqVt6BNbE9BoEvvV/ld1dplKllNqHr0mS,Valid
S+oNg4Oz70HodsUK4ZB1QosTdCHgojTLfOz2fUah,Valid
Sh8KRds+gw0ASaQMFyA2+kXYneM7pG2OY9vgK4+T,Valid
GOIm64TVnQOvCmGhkNPa1ojOGG2Cev9IA3gplA6e,Valid
IVDSGb8m4BWY49tKGFcqqGLGfqgeUb9kiR8xjhbp,Valid
Wk0puvatWv63HN6cUwmSdTq7nc813giEBh9f4drX,Valid
pL9ob/ukAnmJumAtcnUaVxrOTxT7laXgmTGmc+t7,Valid
aQOol1lB4YXGwqWO1GNT00tMDbi8xdLffHXeDN+9,Valid
Qa35pmr0YC4GPIVtAT2P9jJ25s8E/IvsCJ2HPftP,Valid
uA0V5X86QeJs0vgibnuluyEY6BZIF8nRBHZJv773,Valid
00gG9EllPbTn7iv7X5pdSfOIEl7Kh+xoc4DJfkr9,Valid
uawCZBUBefB70MxiEQfZ6fyYLz1D4bmnyigs3bsf,Valid
ploaiVkkJ2QXRQ5QmnVXSmslNYCyGJPodMAwNSrd,Valid
/+7ZAMe2cwCs7jH4naKAR2mBNVsuudvODw+A9kej,Valid
NiWjtscdn20ZlKpcBuOb97h+dHyfmuLlt71YjldK,Valid
oZfSNNDdUsYfS+4mRtlmKINHPH94M35GLe97hXVW,Valid
BM9INFR6YWMqpnJaQKa/la6BNJ306aM3P2EaAg2U,Valid
XdKLfIDVucJwZhFWE1w/HFD7CwTuqvKsOc5RfGUM,Valid
RmfrvLhia3+VHSMf/tCW33u8D+zR3lTpI91Epfok,Valid
j4ofuGhjSpQtaFrRiHf89z6Chpq5nQ2cV10cFJNu,Valid
maEZF0G3OnW2M9I6rFviJ1T50KYHjxj7gRrra0eE,Valid
J7G0Te2Gr+q0sa/Q/huN9w3XWejXphOaurFVG3Ec,Valid
c+Cid89459+0NJBWVpGexU9IMerzyIQFtrwOrnZy,Valid
0RwuZ1Gw+4U2EfJzCmlLxSjTtGORJOFaA5bKxaFV,Valid
fZdq/2XxRNQyEvTxwJeyLjz7ylaKegUjDiT1P4dk,Valid
Ly0iA71Ny2SpbrV5MCoevUK6Kpf7rVB3ryW8EfwV,Valid
HGuhm1PMjKkxMUBMSTpuGTtqDU1RwBkVEuDoV62U,Valid
jbrTehR0CIuUvuU7YkDQoz+wTH3kZxTewx9ldTzt,Valid
hwvoi6P8sHwii/oxEUkvnWWNupkdvjDt/bpWoNPQ,Valid
jcF0/MAJxXqpqteQciczWA9mAykoDv5fW3iefsQ1,Valid
hl8BDzWtGm6YhcoJ7rKIGxwcRaFmhxNcJKyl9f0c,Valid
z06zgaxsgV7L/QoGTSHK3N6f5nzfq0eQgy4DHtq4,Valid
YA0KvAMb/omyxESzp59yE/OSNtx3X5HE87SBh9BR,Valid
ePlnIFTeEYjne8S6Cdpkod1aPZyubVOZJN0F4LnN,Valid
aEnOy/ON/7DVuZYHKnHzIH/L6nLFnl6uA6qQm4dT,Valid
J6iibEzw075O54EY7SDkyc9G2PPtQi+55WVgzT5g,Valid
kde5PdIxfr1EPSMJtdtZDqy2KIfYgIrLMFrJoYgj,Valid
kxPoF6HP18MgUy20+jypy8rQJLbil66r16AqJ0lt,Valid
lcnbWtrU1OZeRV1NImMinQbhhF5gzbYmKDEEwH/i,Valid
v/QKr7XYmzUV4KJZWM7GX9OdfqfmvVDGj2PTCn+R,Valid
chswgEF37Lwy3so7qm/yPFwqTX/G24LQIRwmbQXl,Valid
guShmcl1zBWdPYAfhsAURDnnvz+iewvqaso2eiun,Valid
vIJW9WbvJfX3M+kB/KL9BRdB/ivOxe/4q66eHwWk,Valid
dTDjmGnG+3kkkTdrtGE15XPs7sBxVTXV9V1hW0Re,Valid
mylKn8IUYtDwzheWhBcUf1nMz6dz5i+fnP6H5y6f,Valid
We2kAZe/3jxkyOb5VCka1erNyYx9jCSehZa1ndxM,Valid
vzu4/P0cSTU8k679foh7CUxZFi6OYLBnF9nZvjsk,Valid
mipwJUrQwYo/uchiBiYlaD9krTsk3gPlta61tPXt,Valid
cIlj0LOux9NQ55e1V+zBabD4o24PwaCqUx4tntko,Valid
mvVurWtCIAlt2yzXNZxeTnWEUtqpRWETGGUI5TnC,Valid
/ZnmtXo2SgxCnmqHsALj4yyoBm+kHQddvAR3hfnc,Valid
1ezBf7piYEKdUuW2G8yUpYwJdRN3DOlSRpTLkNxr,Valid
PxGOQR3XbEvXgm3zjVEKEL/m5MMdDVU0xJJfMgxz,Valid
CCSfvUtBJFVTRY1UXpFlndTCqy8Eb3HuguroXmlG,Valid
PA/wpRAWJjA8+ak3pf8iLpSUgYZT9lYINmtA94iI,Valid
X4qMsnSNRzHOIYyVPUg8vpmcvp4gW9k5AAdl3wL8,Valid
BPN/SevaYN1OOGRHmVPbsaksyJVnL7QwE2e6jSfv,Valid
PAiax3mTxpqoa4yhx/4SUVESAie4H53qRGAmm04b,Valid
Zgvh202u+/IRMN9K6CGT9ZffoA8XLsg7VdjCt9TZ,Valid
6iSPTkMa0ml8vA/fqFyknCq60nVrg4wQRG7/T9bu,Valid
jI7S1K5C3rYbHO+qfK4l3WBHJq0fHo9+Gk5F+vkH,Valid
ii6juvGA5C9gZYSPZAgWa3vFYadI1pEzEsbi6vLz,Valid
kMbK0g9/ysM3K9UwkSnrYLrBt4kPEcTvOrnv75hh,Valid
8NZcddmZO545X15CFDjQk8dMnedkEWEnkgToXbOi,Valid
Xo5di4VsYju6X+A6ZJ51bi5E0P4p97WspahkCSIn,Valid
3cqkwFfPXmeM/+KNMo8caBb3B1T78SKkaZJZJf4X,Valid
C9r/Ar3V4FLUYOEskELMQ6oW84RBLutTaWtlOaUf,Valid
2j1qEDPzEMciIbhUBb39R6LNCczl3cb7iXQqDqjG,Valid
tIbxcls4ezmYcHkNAQuvwJOxeTJ/6wnBBD2iGJvv,Valid
XZBNGaDGqECUr034ppF5U3K7ckXGSfaI2bx/DQ9V,Valid
KLlfIbBmTsBrmP9h4ohEwJ/lv9BiToBVo2Bozn0u,Valid
dSW4oqe0eQqY54mQbj9OGuq6oc4cGVJGSE67pJNs,Valid
hhqXYLQXAVeBFatb6uAd6oGA5eeJQwX++6Y0mkgv,Valid
UT7QJ86UqQ556rJqA3DI4YRsKA8/drr/0DkDJTEV,Valid
iu0ZcO/jgBSh01b9Cnhepn75WFEyNKA4a3HqbYQk,Valid
lRS183GOpESQKluu00FfUJkB8KLQhaS5u76R84E0,Valid
dMWE/TF5UhoivW6DX5AzG2a0+S25cd7O1PAppr/o,Valid
Lhg4AV2qtxTILMVq2Cw3isMRCA8K+nbSVo4u8q9L,Valid
gupMYwz3Zb2IIr/0HyIdxT54jF5Izncl2bVw0lw6,Valid
quSE1dABNprnvO/2nOFgkX5VYOLzAXJ2lIBuav8n,Valid
3tGhPcg1mR7k5KaLhIWpitrCptJFexguNMIiSWoS,Valid
UJe1PtmCd/gkroBTIWyHDWQoYQMULFp4b/dT5kIa,Valid
Eb97OoJ7XJEyt3jM9jzFWpoCGP+9yGnPJ8tWpEe3,Valid
iLuH8aFlJ0t/3b09mY+IlndXOhwdgc1e4w7WGbop,Valid
xsi2/P1u7KjdSOjWo6NiH9+d6XOfg3lpCRhGbphR,Valid
FZI9pmC5UjicwFNbUzKMXaXycqk5UttH1GaUL9VL,Valid
JrThqhkSpmuje5URLA+ScExkqiPA45kpV2pWlHGd,Valid
/khDdT8BNBYR2ek85f54v3iYrxgPc7tjvFPuWwym,Valid
NO2a/Q9xppukH5NPCudrwk3WPZ9ahcQ8iQUczVN8,Valid
WRp3ZiTBT/uOhlhdmx63w3fKphWdTfpmPilAxENQ,Valid
J9velxCkviCtbqrt7SlojN/WigEMScYUVrkbuhPm,Valid
y7i3RTc90IfZr7QDiWvX84YzBAoBCl4093anAKWH,Valid
xIo/NcBFGjO+IoCoiCYIlMl1N+78ag+54Y/JPRcl,Valid
G7I/GEfrXJrZH+v0qene1UD3lW62zKKBnDuYXiCS,Valid
D4PtKUCD112kxHYrXK1f64Voud40YQOAyLibm374,Valid
dXZ/junzKnmY5Q51oHu9V3TM8PlFn5RYGuYBMvK5,Valid
ANYIR9LsDdWBRoMZZ/8qhbfITfDggFpvWKjMmaff,Valid
h566iBSWQZenU4eZnmEKJygMcUdqJNtUR8Dli1Gb,Valid
CvtZegmNPvGw3XTovkbzJUURjEo4xp3OvjWn0P9s,Valid
YN36D6Kwinaa94D8Pny5uy8OG7ihbuprVwqtKFQr,Valid
Xv0SU9hGxjHJQhYSpZMnnQ/DSk76XwZSBlBVjzhE,Valid
VWFsxFc2R4V5obSGlOfsxD5St7avx0AO7TgsL0Hc,Valid
